2026-10-03 01:51:18,881 - INFO - Discovering package URLs...
2026-10-03 01:51:18,882 - INFO - Fetching sitemap: https://www.metropolisindia.com/health-checkup-primary.xml
2026-10-03 01:51:19,339 - INFO - Discovering test URLs...
2026-10-03 01:51:19,340 - INFO - Fetching sitemap: https://www.metropolisindia.com/parameter-primary.xml
2026-10-03 02:20:01,151 - INFO - Initializing Pune Session...
2026-10-03 02:20:01,805 - INFO - Successfully established Pune location session.
2026-10-03 02:20:19,929 - INFO - Initializing Pune Session...
2026-10-03 02:20:21,563 - INFO - Successfully established Pune location session.
2026-10-03 02:21:05,174 - INFO - Initializing Pune Session...
2026-10-03 02:21:05,926 - INFO - Successfully established Pune location session.
2026-10-03 02:21:43,513 - INFO - Initializing Pune Session...
2026-10-03 02:21:44,171 - INFO - Successfully established Pune location session.
2026-10-03 02:23:22,563 - INFO - Starting Full Metropolis Crawl (Pune Session)...
2026-10-03 02:23:22,564 - INFO - Initializing Pune Session...
2026-10-03 02:23:23,656 - INFO - Successfully established Pune location session.
2026-10-03 02:23:23,661 - INFO - Inventory loaded: 60 packages, 1444 tests.
2026-10-03 02:23:23,661 - INFO - --- CRAWLING PACKAGES ---
2026-10-03 02:23:23,662 - INFO - Fetching Package: https://www.metropolisindia.com/health-checkup-packages/truhealth-elite-m
2026-10-03 02:23:34,103 - INFO - Fetching Package: https://www.metropolisindia.com/health-checkup-packages/truhealth-silver-nf
2026-10-03 02:23:44,434 - INFO - Fetching Package: https://www.metropolisindia.com/health-checkup-packages/truhealth-platinum-nf
2026-10-03 02:23:54,795 - INFO - Fetching Package: https://www.metropolisindia.com/health-checkup-packages/truhealth-expert-female
2026-10-03 02:24:05,255 - INFO - Fetching Package: https://www.metropolisindia.com/health-checkup-packages/truhealth-advance-nf
2026-10-03 02:24:15,675 - INFO - Fetching Package: https://www.metropolisindia.com/health-checkup-packages/truhealth-gold-nf
2026-10-03 02:24:25,970 - INFO - Fetching Package: https://www.metropolisindia.com/health-checkup-packages/truhealth-advance-tru-diet
2026-10-03 02:24:38,470 - INFO - Fetching Package: https://www.metropolisindia.com/health-checkup-packages/truhealth_expert_male_body_vitals_consult
2026-10-03 02:24:49,047 - INFO - Fetching Package: https://www.metropolisindia.com/health-checkup-packages/truhealth-comprehensive-nf
2026-10-03 02:24:59,362 - INFO - Fetching Package: https://www.metropolisindia.com/health-checkup-packages/truhealth-gold-vitals-conuslt
2026-10-03 02:25:09,641 - INFO - Fetching Package: https://www.metropolisindia.com/health-checkup-packages/truhealth-platinum-vitals-consult
2026-10-03 02:25:19,992 - INFO - Fetching Package: https://www.metropolisindia.com/health-checkup-packages/truhealth-advance-vitals-consult
2026-10-03 02:25:30,222 - INFO - Fetching Package: https://www.metropolisindia.com/health-checkup-packages/truhealth-vital-plus
2026-10-03 02:25:40,786 - INFO - Fetching Package: https://www.metropolisindia.com/health-checkup-packages/truhealth-proactive-female-tru-diet
2026-10-03 02:25:51,459 - INFO - Fetching Package: https://www.metropolisindia.com/health-checkup-packages/truhealth-comprehensive-vitals-consult
2026-10-03 02:26:01,626 - INFO - Fetching Package: https://www.metropolisindia.com/health-checkup-packages/truhealth-glp-1-monitor
2026-10-03 02:26:12,150 - INFO - Fetching Package: https://www.metropolisindia.com/health-checkup-packages/truhealth-platinum-tru-diet
2026-10-03 02:26:22,326 - INFO - Fetching Package: https://www.metropolisindia.com/health-checkup-packages/truhealth-mind-body-basic
2026-10-03 02:26:32,667 - INFO - Fetching Package: https://www.metropolisindia.com/health-checkup-packages/truhealth-silver-tru-diet
2026-10-03 02:26:42,995 - INFO - Fetching Package: https://www.metropolisindia.com/health-checkup-packages/truhealth-glp-1-ready
2026-10-03 02:26:53,529 - INFO - Fetching Package: https://www.metropolisindia.com/health-checkup-packages/truhealth-essential
2026-10-03 02:27:03,866 - INFO - Fetching Package: https://www.metropolisindia.com/health-checkup-packages/truhealth-basic-nf
2026-10-03 02:27:14,376 - INFO - Fetching Package: https://www.metropolisindia.com/health-checkup-packages/truhealth-elite-f-tru-diet
2026-10-03 02:27:25,254 - INFO - Fetching Package: https://www.metropolisindia.com/health-checkup-packages/truhealth-proactive-male-tru-diet
2026-10-03 02:27:35,884 - INFO - Fetching Package: https://www.metropolisindia.com/health-checkup-packages/truhealth-platinum
2026-10-03 02:27:46,050 - INFO - Fetching Package: https://www.metropolisindia.com/health-checkup-packages/truhealth-elite-f
2026-10-03 02:27:56,496 - INFO - Fetching Package: https://www.metropolisindia.com/health-checkup-packages/truhealth-silver
2026-10-03 02:28:06,734 - INFO - Fetching Package: https://www.metropolisindia.com/health-checkup-packages/truhealth-elite-f-body-vitals-consult
2026-10-03 02:28:17,412 - INFO - Fetching Package: https://www.metropolisindia.com/health-checkup-packages/truhealth-expert-male-tru-diet
2026-10-03 02:28:28,055 - INFO - Fetching Package: https://www.metropolisindia.com/health-checkup-packages/truhealth-active-male-tru-diet
2026-10-03 02:28:38,716 - INFO - Fetching Package: https://www.metropolisindia.com/health-checkup-packages/truhealth-elite-m-tru-diet
2026-10-03 02:28:49,275 - INFO - Fetching Package: https://www.metropolisindia.com/health-checkup-packages/truhealth-pro-active-male
2026-10-03 02:29:00,041 - INFO - Fetching Package: https://www.metropolisindia.com/health-checkup-packages/truhealth_pro_active_female_body_vitals_consult
2026-10-03 02:29:10,684 - INFO - Fetching Package: https://www.metropolisindia.com/health-checkup-packages/truhealth-comprehensive
2026-10-03 02:29:21,047 - INFO - Fetching Package: https://www.metropolisindia.com/health-checkup-packages/truhealth-expert-female-body-vitals-consult
2026-10-03 02:29:31,329 - INFO - Fetching Package: https://www.metropolisindia.com/health-checkup-packages/truhealth-active-male
2026-10-03 02:29:41,755 - INFO - Fetching Package: https://www.metropolisindia.com/health-checkup-packages/truhealth-silver-vitals-consult
2026-10-03 02:29:52,133 - INFO - Fetching Package: https://www.metropolisindia.com/health-checkup-packages/truhealth-vital-plus-tru-diet
2026-10-03 02:30:02,699 - INFO - Fetching Package: https://www.metropolisindia.com/health-checkup-packages/truhealth-gold-tru-diet
2026-10-03 02:30:13,060 - INFO - Fetching Package: https://www.metropolisindia.com/health-checkup-packages/truhealth-comprehensive-tru-diet
2026-10-03 02:30:23,324 - INFO - Fetching Package: https://www.metropolisindia.com/health-checkup-packages/truhealth-vital-body-vitals-consult
2026-10-03 02:30:33,931 - INFO - Fetching Package: https://www.metropolisindia.com/health-checkup-packages/truhealth_active_female_body_vitals_consult
2026-10-03 02:30:44,524 - INFO - Fetching Package: https://www.metropolisindia.com/health-checkup-packages/truhealth-proactive-female
2026-10-03 02:30:55,166 - INFO - Fetching Package: https://www.metropolisindia.com/health-checkup-packages/truhealth_pro_active_male_body_vitals_consult
2026-10-03 02:36:23,656 - INFO - Starting Full Metropolis Crawl (Pune Session, Adaptive Pacing)...
2026-10-03 02:36:23,657 - INFO - Initializing Pune Session...
2026-10-03 02:36:24,362 - INFO - Successfully established Pune location session.
2026-10-03 02:36:24,366 - INFO - --- CRAWLING PACKAGES ---
2026-10-03 02:36:24,652 - INFO - Requested https://www.metropolisindia.com/health-checkup-packages/truhealth_pro_active_male_body_vitals_consult | Status: 200 | Elapsed: 0.26s | Delay: 3s
2026-10-03 02:36:28,197 - INFO - Requested https://www.metropolisindia.com/health-checkup-packages/truhealth-cancer-screen-360-female | Status: 200 | Elapsed: 0.15s | Delay: 3s
2026-10-03 02:36:31,672 - INFO - Requested https://www.metropolisindia.com/health-checkup-packages/truhealth-gold | Status: 200 | Elapsed: 0.09s | Delay: 3s
2026-10-03 02:36:35,317 - INFO - Requested https://www.metropolisindia.com/health-checkup-packages/truhealth-mind-body-total | Status: 200 | Elapsed: 0.25s | Delay: 3s
2026-10-03 02:36:39,399 - INFO - Requested https://www.metropolisindia.com/health-checkup-packages/truhealth-expert-female-tru-diet | Status: 200 | Elapsed: 0.52s | Delay: 3s
2026-10-03 02:36:43,622 - INFO - Requested https://www.metropolisindia.com/health-checkup-packages/truhealth-master-nf | Status: 200 | Elapsed: 0.78s | Delay: 3s
2026-10-03 02:36:47,129 - INFO - Requested https://www.metropolisindia.com/health-checkup-packages/truhealth-cancer-screen-360-male | Status: 200 | Elapsed: 0.19s | Delay: 3s
2026-10-03 02:36:50,850 - INFO - Requested https://www.metropolisindia.com/health-checkup-packages/truhealth-expert-male | Status: 200 | Elapsed: 0.38s | Delay: 3s
2026-10-03 02:36:54,912 - INFO - Requested https://www.metropolisindia.com/health-checkup-packages/truhealth-vital-plus-body-vitals-consult | Status: 200 | Elapsed: 0.52s | Delay: 3s
2026-10-03 02:36:58,662 - INFO - Requested https://www.metropolisindia.com/health-checkup-packages/truhealth_active_male_body_vitals_consult | Status: 200 | Elapsed: 0.28s | Delay: 3s
2026-10-03 02:37:02,650 - INFO - Requested https://www.metropolisindia.com/health-checkup-packages/truhealth-advance | Status: 200 | Elapsed: 0.60s | Delay: 3s
2026-10-03 02:37:06,240 - INFO - Requested https://www.metropolisindia.com/health-checkup-packages/truhealth-active-female-tru-diet | Status: 200 | Elapsed: 0.30s | Delay: 3s
2026-10-03 02:37:09,713 - INFO - Requested https://www.metropolisindia.com/health-checkup-packages/truhealth-basic-10 | Status: 200 | Elapsed: 0.08s | Delay: 3s
2026-10-03 02:37:13,359 - INFO - Requested https://www.metropolisindia.com/health-checkup-packages/truhealth-elite-m-body-vitals-consult | Status: 200 | Elapsed: 0.36s | Delay: 3s
2026-10-03 02:37:17,083 - INFO - Requested https://www.metropolisindia.com/health-checkup-packages/truhealth-vital | Status: 200 | Elapsed: 0.24s | Delay: 3s
2026-10-03 02:37:20,810 - INFO - Requested https://www.metropolisindia.com/health-checkup-packages/truhealth-active-female | Status: 200 | Elapsed: 0.31s | Delay: 3s
2026-10-03 02:37:25,049 - INFO - Requested https://www.metropolisindia.com/health-checkup-packages/truhealth-vital-tru-diet | Status: 200 | Elapsed: 0.82s | Delay: 3s
2026-10-03 02:37:28,436 - INFO - --- CRAWLING PROFILES ---
2026-10-03 02:37:28,645 - INFO - Requested https://www.metropolisindia.com/parameter/tsh-serum | Status: 404 | Elapsed: 0.21s | Delay: 3s
2026-10-03 02:37:28,645 - ERROR - HTTP 404 on https://www.metropolisindia.com/parameter/tsh-serum.
2026-10-03 02:37:31,736 - INFO - Requested https://www.metropolisindia.com/parameter/tsh-serum | Status: 404 | Elapsed: 0.09s | Delay: 3s
2026-10-03 02:37:31,737 - ERROR - HTTP 404 on https://www.metropolisindia.com/parameter/tsh-serum.
2026-10-03 02:37:34,821 - INFO - Requested https://www.metropolisindia.com/parameter/tsh-serum | Status: 404 | Elapsed: 0.08s | Delay: 3s
2026-10-03 02:37:34,821 - ERROR - HTTP 404 on https://www.metropolisindia.com/parameter/tsh-serum.
2026-10-03 02:37:37,906 - INFO - Requested https://www.metropolisindia.com/parameter/tsh-serum | Status: 404 | Elapsed: 0.08s | Delay: 3s
2026-10-03 02:37:37,906 - ERROR - HTTP 404 on https://www.metropolisindia.com/parameter/tsh-serum.
2026-10-03 02:37:40,907 - ERROR - Max retries (3) reached for https://www.metropolisindia.com/parameter/tsh-serum.
2026-10-03 02:37:40,997 - INFO - Requested https://www.metropolisindia.com/parameter/bun-blood-urea-nitrogen-seruum | Status: 404 | Elapsed: 0.09s | Delay: 3s
2026-10-03 02:37:40,997 - ERROR - HTTP 404 on https://www.metropolisindia.com/parameter/bun-blood-urea-nitrogen-seruum.
2026-10-03 02:37:44,086 - INFO - Requested https://www.metropolisindia.com/parameter/bun-blood-urea-nitrogen-seruum | Status: 404 | Elapsed: 0.09s | Delay: 3s
2026-10-03 02:37:44,086 - ERROR - HTTP 404 on https://www.metropolisindia.com/parameter/bun-blood-urea-nitrogen-seruum.
2026-10-03 02:37:47,174 - INFO - Requested https://www.metropolisindia.com/parameter/bun-blood-urea-nitrogen-seruum | Status: 404 | Elapsed: 0.09s | Delay: 3s
2026-10-03 02:37:47,175 - ERROR - HTTP 404 on https://www.metropolisindia.com/parameter/bun-blood-urea-nitrogen-seruum.
2026-10-03 02:37:50,261 - INFO - Requested https://www.metropolisindia.com/parameter/bun-blood-urea-nitrogen-seruum | Status: 404 | Elapsed: 0.09s | Delay: 3s
2026-10-03 02:37:50,261 - ERROR - HTTP 404 on https://www.metropolisindia.com/parameter/bun-blood-urea-nitrogen-seruum.
2026-10-03 02:37:53,262 - ERROR - Max retries (3) reached for https://www.metropolisindia.com/parameter/bun-blood-urea-nitrogen-seruum.
2026-10-03 02:37:53,349 - INFO - Requested https://www.metropolisindia.com/parameter/hba1c-(glycated-hemoglobin)-blood | Status: 404 | Elapsed: 0.09s | Delay: 3s
2026-10-03 02:37:53,349 - ERROR - HTTP 404 on https://www.metropolisindia.com/parameter/hba1c-(glycated-hemoglobin)-blood.
2026-10-03 02:37:56,432 - INFO - Requested https://www.metropolisindia.com/parameter/hba1c-(glycated-hemoglobin)-blood | Status: 404 | Elapsed: 0.08s | Delay: 3s
2026-10-03 02:37:56,432 - ERROR - HTTP 404 on https://www.metropolisindia.com/parameter/hba1c-(glycated-hemoglobin)-blood.
2026-10-03 02:37:59,521 - INFO - Requested https://www.metropolisindia.com/parameter/hba1c-(glycated-hemoglobin)-blood | Status: 404 | Elapsed: 0.09s | Delay: 3s
2026-10-03 02:37:59,521 - ERROR - HTTP 404 on https://www.metropolisindia.com/parameter/hba1c-(glycated-hemoglobin)-blood.
2026-10-03 02:38:02,609 - INFO - Requested https://www.metropolisindia.com/parameter/hba1c-(glycated-hemoglobin)-blood | Status: 404 | Elapsed: 0.09s | Delay: 3s
2026-10-03 02:38:02,610 - ERROR - HTTP 404 on https://www.metropolisindia.com/parameter/hba1c-(glycated-hemoglobin)-blood.
2026-10-03 02:38:05,611 - ERROR - Max retries (3) reached for https://www.metropolisindia.com/parameter/hba1c-(glycated-hemoglobin)-blood.
2026-10-03 02:38:05,776 - INFO - Requested https://www.metropolisindia.com/parameter/lipid-profile-mini | Status: 200 | Elapsed: 0.16s | Delay: 3s
2026-10-03 02:38:09,728 - INFO - Requested https://www.metropolisindia.com/parameter/gfr-with-creatinine-(above-18-years)-serum | Status: 404 | Elapsed: 0.52s | Delay: 3s
2026-10-03 02:38:09,728 - ERROR - HTTP 404 on https://www.metropolisindia.com/parameter/gfr-with-creatinine-(above-18-years)-serum.
2026-10-03 02:38:12,815 - INFO - Requested https://www.metropolisindia.com/parameter/gfr-with-creatinine-(above-18-years)-serum | Status: 404 | Elapsed: 0.09s | Delay: 3s
2026-10-03 02:38:12,816 - ERROR - HTTP 404 on https://www.metropolisindia.com/parameter/gfr-with-creatinine-(above-18-years)-serum.
2026-10-03 02:38:15,903 - INFO - Requested https://www.metropolisindia.com/parameter/gfr-with-creatinine-(above-18-years)-serum | Status: 404 | Elapsed: 0.09s | Delay: 3s
2026-10-03 02:38:15,903 - ERROR - HTTP 404 on https://www.metropolisindia.com/parameter/gfr-with-creatinine-(above-18-years)-serum.
2026-10-03 02:38:19,078 - INFO - Requested https://www.metropolisindia.com/parameter/gfr-with-creatinine-(above-18-years)-serum | Status: 404 | Elapsed: 0.17s | Delay: 3s
2026-10-03 02:38:19,079 - ERROR - HTTP 404 on https://www.metropolisindia.com/parameter/gfr-with-creatinine-(above-18-years)-serum.
2026-10-03 02:38:22,079 - ERROR - Max retries (3) reached for https://www.metropolisindia.com/parameter/gfr-with-creatinine-(above-18-years)-serum.
2026-10-03 02:38:22,319 - INFO - Requested https://www.metropolisindia.com/parameter/cpk-serum | Status: 404 | Elapsed: 0.24s | Delay: 3s
2026-10-03 02:38:22,320 - ERROR - HTTP 404 on https://www.metropolisindia.com/parameter/cpk-serum.
2026-10-03 02:38:25,405 - INFO - Requested https://www.metropolisindia.com/parameter/cpk-serum | Status: 404 | Elapsed: 0.08s | Delay: 3s
2026-10-03 02:38:25,406 - ERROR - HTTP 404 on https://www.metropolisindia.com/parameter/cpk-serum.
2026-10-03 02:38:28,485 - INFO - Requested https://www.metropolisindia.com/parameter/cpk-serum | Status: 404 | Elapsed: 0.08s | Delay: 3s
2026-10-03 02:38:28,485 - ERROR - HTTP 404 on https://www.metropolisindia.com/parameter/cpk-serum.
2026-10-03 02:40:37,237 - INFO - Starting Full Metropolis Crawl (Pune Session, Adaptive Pacing)...
2026-10-03 02:40:37,237 - INFO - Initializing Pune Session...
2026-10-03 02:40:37,892 - INFO - Successfully established Pune location session.
2026-10-03 02:40:37,896 - INFO - --- CRAWLING PACKAGES ---
2026-10-03 02:40:37,928 - INFO - --- CRAWLING PROFILES ---
2026-10-03 02:40:37,992 - INFO - Requested https://www.metropolisindia.com/parameter/apolipoproteins-(a1/b)-serum | Status: 404 | Elapsed: 0.06s | Delay: 3s
2026-10-03 02:40:37,994 - WARNING - HTTP 404 Not Found on https://www.metropolisindia.com/parameter/apolipoproteins-(a1/b)-serum. Skipping permanently.
2026-10-03 02:40:41,138 - INFO - Requested https://www.metropolisindia.com/parameter/free-t4 | Status: 200 | Elapsed: 0.14s | Delay: 3s
2026-10-03 02:40:44,668 - INFO - Requested https://www.metropolisindia.com/parameter/lp(a)-lipoprotein-(a)-serum | Status: 404 | Elapsed: 0.11s | Delay: 3s
2026-10-03 02:40:44,669 - WARNING - HTTP 404 Not Found on https://www.metropolisindia.com/parameter/lp(a)-lipoprotein-(a)-serum. Skipping permanently.
2026-10-03 02:40:47,826 - INFO - Requested https://www.metropolisindia.com/parameter/albumin-serum | Status: 404 | Elapsed: 0.16s | Delay: 3s
2026-10-03 02:40:47,826 - WARNING - HTTP 404 Not Found on https://www.metropolisindia.com/parameter/albumin-serum. Skipping permanently.
2026-10-03 02:40:50,967 - INFO - Requested https://www.metropolisindia.com/parameter/homocysteine-plasma | Status: 404 | Elapsed: 0.14s | Delay: 3s
2026-10-03 02:40:50,967 - WARNING - HTTP 404 Not Found on https://www.metropolisindia.com/parameter/homocysteine-plasma. Skipping permanently.
2026-10-03 02:40:54,142 - INFO - Requested https://www.metropolisindia.com/parameter/hdl-cholesterol-direct-serum | Status: 404 | Elapsed: 0.17s | Delay: 3s
2026-10-03 02:40:54,142 - WARNING - HTTP 404 Not Found on https://www.metropolisindia.com/parameter/hdl-cholesterol-direct-serum. Skipping permanently.
2026-10-03 02:40:57,225 - INFO - Requested https://www.metropolisindia.com/parameter/gfr-with-creatinine-(above-18-years)-serum | Status: 404 | Elapsed: 0.08s | Delay: 3s
2026-10-03 02:40:57,225 - WARNING - HTTP 404 Not Found on https://www.metropolisindia.com/parameter/gfr-with-creatinine-(above-18-years)-serum. Skipping permanently.
2026-10-03 02:41:00,314 - INFO - Requested https://www.metropolisindia.com/parameter/electrolytes-serum | Status: 404 | Elapsed: 0.09s | Delay: 3s
2026-10-03 02:41:00,314 - WARNING - HTTP 404 Not Found on https://www.metropolisindia.com/parameter/electrolytes-serum. Skipping permanently.
2026-10-03 02:41:03,448 - INFO - Requested https://www.metropolisindia.com/parameter/free-t3 | Status: 200 | Elapsed: 0.13s | Delay: 3s
2026-10-03 02:41:08,680 - INFO - Requested https://www.metropolisindia.com/parameter/vitamin-b12 | Status: 404 | Elapsed: 1.71s | Delay: 3s
2026-10-03 02:41:08,681 - WARNING - HTTP 404 Not Found on https://www.metropolisindia.com/parameter/vitamin-b12. Skipping permanently.
2026-10-03 02:41:11,766 - INFO - Requested https://www.metropolisindia.com/parameter/cpk-serum | Status: 404 | Elapsed: 0.08s | Delay: 3s
2026-10-03 02:41:11,767 - WARNING - HTTP 404 Not Found on https://www.metropolisindia.com/parameter/cpk-serum. Skipping permanently.
2026-10-03 02:41:14,854 - INFO - Requested https://www.metropolisindia.com/parameter/triglycerides-serum | Status: 404 | Elapsed: 0.09s | Delay: 3s
2026-10-03 02:41:14,854 - WARNING - HTTP 404 Not Found on https://www.metropolisindia.com/parameter/triglycerides-serum. Skipping permanently.
2026-10-03 02:41:17,941 - INFO - Requested https://www.metropolisindia.com/parameter/amylase-serum | Status: 404 | Elapsed: 0.09s | Delay: 3s
2026-10-03 02:41:17,942 - WARNING - HTTP 404 Not Found on https://www.metropolisindia.com/parameter/amylase-serum. Skipping permanently.
2026-10-03 02:41:21,027 - INFO - Requested https://www.metropolisindia.com/parameter/routine-examination-profile---urine-(automated) | Status: 404 | Elapsed: 0.08s | Delay: 3s
2026-10-03 02:41:21,028 - WARNING - HTTP 404 Not Found on https://www.metropolisindia.com/parameter/routine-examination-profile---urine-(automated). Skipping permanently.
2026-10-03 02:41:24,116 - INFO - Requested https://www.metropolisindia.com/parameter/folic-acid-serum | Status: 404 | Elapsed: 0.09s | Delay: 3s
2026-10-03 02:41:24,116 - WARNING - HTTP 404 Not Found on https://www.metropolisindia.com/parameter/folic-acid-serum. Skipping permanently.
2026-10-03 02:41:27,203 - INFO - Requested https://www.metropolisindia.com/parameter/glucose-post-prandial | Status: 404 | Elapsed: 0.09s | Delay: 3s
2026-10-03 02:41:27,203 - WARNING - HTTP 404 Not Found on https://www.metropolisindia.com/parameter/glucose-post-prandial. Skipping permanently.
2026-10-03 02:41:30,469 - INFO - Requested https://www.metropolisindia.com/parameter/hba1c-(glycated-hemoglobin)-blood | Status: 404 | Elapsed: 0.26s | Delay: 3s
2026-10-03 02:41:30,469 - WARNING - HTTP 404 Not Found on https://www.metropolisindia.com/parameter/hba1c-(glycated-hemoglobin)-blood. Skipping permanently.
2026-10-03 02:41:34,755 - INFO - Requested https://www.metropolisindia.com/parameter/chlorides-serum | Status: 404 | Elapsed: 1.28s | Delay: 3s
2026-10-03 02:41:34,756 - WARNING - HTTP 404 Not Found on https://www.metropolisindia.com/parameter/chlorides-serum. Skipping permanently.
2026-10-03 02:41:37,838 - INFO - Requested https://www.metropolisindia.com/parameter/haemogram--blood | Status: 404 | Elapsed: 0.08s | Delay: 3s
2026-10-03 02:41:37,838 - WARNING - HTTP 404 Not Found on https://www.metropolisindia.com/parameter/haemogram--blood. Skipping permanently.
2026-10-03 02:41:40,922 - INFO - Requested https://www.metropolisindia.com/parameter/sgot-serum | Status: 404 | Elapsed: 0.08s | Delay: 3s
2026-10-03 02:41:40,922 - WARNING - HTTP 404 Not Found on https://www.metropolisindia.com/parameter/sgot-serum. Skipping permanently.
2026-10-03 02:41:44,005 - INFO - Requested https://www.metropolisindia.com/parameter/crp | Status: 404 | Elapsed: 0.08s | Delay: 3s
2026-10-03 02:41:44,005 - WARNING - HTTP 404 Not Found on https://www.metropolisindia.com/parameter/crp. Skipping permanently.
2026-10-03 02:41:47,092 - INFO - Requested https://www.metropolisindia.com/parameter/amh-serum | Status: 404 | Elapsed: 0.09s | Delay: 3s
2026-10-03 02:41:47,092 - WARNING - HTTP 404 Not Found on https://www.metropolisindia.com/parameter/amh-serum. Skipping permanently.
2026-10-03 02:41:50,856 - INFO - Requested https://www.metropolisindia.com/parameter/hbsag-(for-hepititis-b)-serum | Status: 404 | Elapsed: 0.76s | Delay: 3s
2026-10-03 02:41:50,857 - WARNING - HTTP 404 Not Found on https://www.metropolisindia.com/parameter/hbsag-(for-hepititis-b)-serum. Skipping permanently.
2026-10-03 02:41:53,937 - INFO - Requested https://www.metropolisindia.com/parameter/cholesterol-total-serum | Status: 404 | Elapsed: 0.08s | Delay: 3s
2026-10-03 02:41:53,937 - WARNING - HTTP 404 Not Found on https://www.metropolisindia.com/parameter/cholesterol-total-serum. Skipping permanently.
2026-10-03 02:41:57,075 - INFO - Requested https://www.metropolisindia.com/parameter/lipase-serum | Status: 200 | Elapsed: 0.14s | Delay: 3s
2026-10-03 02:41:57,075 - INFO - --- PROGRESS REPORT --- Reqs(200): 3 | 404s: 22 | Packages: 60 | Profiles: 24 | Tests: 0 | 429s: 0 | Retries: 0 | Errors: 0 | Delay: 3s | Remaining: 1515
2026-10-03 02:42:00,485 - INFO - Requested https://www.metropolisindia.com/parameter/sgpt-serum | Status: 404 | Elapsed: 0.08s | Delay: 3s
2026-10-03 02:42:00,485 - WARNING - HTTP 404 Not Found on https://www.metropolisindia.com/parameter/sgpt-serum. Skipping permanently.
2026-10-03 02:42:03,897 - INFO - Requested https://www.metropolisindia.com/parameter/hs-crp-serum | Status: 404 | Elapsed: 0.41s | Delay: 3s
2026-10-03 02:42:03,897 - WARNING - HTTP 404 Not Found on https://www.metropolisindia.com/parameter/hs-crp-serum. Skipping permanently.
2026-10-03 02:42:07,020 - INFO - Requested https://www.metropolisindia.com/parameter/potassium-serum | Status: 404 | Elapsed: 0.12s | Delay: 3s
2026-10-03 02:42:07,021 - WARNING - HTTP 404 Not Found on https://www.metropolisindia.com/parameter/potassium-serum. Skipping permanently.
2026-10-03 02:42:10,299 - INFO - Requested https://www.metropolisindia.com/parameter/ca-19.9-serum | Status: 404 | Elapsed: 0.28s | Delay: 3s
2026-10-03 02:42:10,299 - WARNING - HTTP 404 Not Found on https://www.metropolisindia.com/parameter/ca-19.9-serum. Skipping permanently.
2026-10-03 02:42:13,642 - INFO - Requested https://www.metropolisindia.com/parameter/cea-for-gi-/ovarian-cancer | Status: 404 | Elapsed: 0.34s | Delay: 3s
2026-10-03 02:42:13,642 - WARNING - HTTP 404 Not Found on https://www.metropolisindia.com/parameter/cea-for-gi-/ovarian-cancer. Skipping permanently.
2026-10-03 02:42:16,731 - INFO - Requested https://www.metropolisindia.com/parameter/ca---15.3-for-breast-cancer | Status: 404 | Elapsed: 0.09s | Delay: 3s
2026-10-03 02:42:16,732 - WARNING - HTTP 404 Not Found on https://www.metropolisindia.com/parameter/ca---15.3-for-breast-cancer. Skipping permanently.
2026-10-03 02:42:19,821 - INFO - Requested https://www.metropolisindia.com/parameter/hcg-beta---tumour-marker-serum | Status: 404 | Elapsed: 0.09s | Delay: 3s
2026-10-03 02:42:19,821 - WARNING - HTTP 404 Not Found on https://www.metropolisindia.com/parameter/hcg-beta---tumour-marker-serum. Skipping permanently.
2026-10-03 02:42:22,907 - INFO - Requested https://www.metropolisindia.com/parameter/glucose-fasting | Status: 404 | Elapsed: 0.08s | Delay: 3s
2026-10-03 02:42:22,908 - WARNING - HTTP 404 Not Found on https://www.metropolisindia.com/parameter/glucose-fasting. Skipping permanently.
2026-10-03 02:42:25,992 - INFO - Requested https://www.metropolisindia.com/parameter/prolactin-serum | Status: 404 | Elapsed: 0.08s | Delay: 3s
2026-10-03 02:42:25,992 - WARNING - HTTP 404 Not Found on https://www.metropolisindia.com/parameter/prolactin-serum. Skipping permanently.
2026-10-03 02:42:29,080 - INFO - Requested https://www.metropolisindia.com/parameter/thyroid-profile---2 | Status: 404 | Elapsed: 0.09s | Delay: 3s
2026-10-03 02:42:29,080 - WARNING - HTTP 404 Not Found on https://www.metropolisindia.com/parameter/thyroid-profile---2. Skipping permanently.
2026-10-03 02:42:32,167 - INFO - Requested https://www.metropolisindia.com/parameter/alkaline-phosphatase-serum | Status: 404 | Elapsed: 0.09s | Delay: 3s
2026-10-03 02:42:32,167 - WARNING - HTTP 404 Not Found on https://www.metropolisindia.com/parameter/alkaline-phosphatase-serum. Skipping permanently.
2026-10-03 02:42:35,250 - INFO - Requested https://www.metropolisindia.com/parameter/ra-test-for-arthritis-serum | Status: 404 | Elapsed: 0.08s | Delay: 3s
2026-10-03 02:42:35,250 - WARNING - HTTP 404 Not Found on https://www.metropolisindia.com/parameter/ra-test-for-arthritis-serum. Skipping permanently.
2026-10-03 02:42:38,333 - INFO - Requested https://www.metropolisindia.com/parameter/iron-studies-serum | Status: 404 | Elapsed: 0.08s | Delay: 3s
2026-10-03 02:42:38,335 - WARNING - HTTP 404 Not Found on https://www.metropolisindia.com/parameter/iron-studies-serum. Skipping permanently.
2026-10-03 02:42:41,428 - INFO - Requested https://www.metropolisindia.com/parameter/calcium-serum | Status: 404 | Elapsed: 0.09s | Delay: 3s
2026-10-03 02:42:41,428 - WARNING - HTTP 404 Not Found on https://www.metropolisindia.com/parameter/calcium-serum. Skipping permanently.
2026-10-03 02:42:44,515 - INFO - Requested https://www.metropolisindia.com/parameter/tsh-serum | Status: 404 | Elapsed: 0.09s | Delay: 3s
2026-10-03 02:42:44,515 - WARNING - HTTP 404 Not Found on https://www.metropolisindia.com/parameter/tsh-serum. Skipping permanently.
2026-10-03 02:42:47,652 - INFO - Requested https://www.metropolisindia.com/parameter/ldh | Status: 200 | Elapsed: 0.14s | Delay: 3s
2026-10-03 02:42:51,450 - INFO - Requested https://www.metropolisindia.com/parameter/fsh-serum | Status: 404 | Elapsed: 0.08s | Delay: 3s
2026-10-03 02:42:51,451 - WARNING - HTTP 404 Not Found on https://www.metropolisindia.com/parameter/fsh-serum. Skipping permanently.
2026-10-03 02:42:54,711 - INFO - Requested https://www.metropolisindia.com/parameter/bun-blood-urea-nitrogen-seruum | Status: 404 | Elapsed: 0.26s | Delay: 3s
2026-10-03 02:42:54,711 - WARNING - HTTP 404 Not Found on https://www.metropolisindia.com/parameter/bun-blood-urea-nitrogen-seruum. Skipping permanently.
2026-10-03 02:42:57,853 - INFO - Requested https://www.metropolisindia.com/parameter/creatinine-serum | Status: 200 | Elapsed: 0.14s | Delay: 3s
2026-10-03 02:43:01,259 - INFO - Requested https://www.metropolisindia.com/parameter/magnesium-serum | Status: 404 | Elapsed: 0.08s | Delay: 3s
2026-10-03 02:43:01,259 - WARNING - HTTP 404 Not Found on https://www.metropolisindia.com/parameter/magnesium-serum. Skipping permanently.
2026-10-03 02:43:04,343 - INFO - Requested https://www.metropolisindia.com/parameter/25-oh-vitamin-d-serum | Status: 404 | Elapsed: 0.08s | Delay: 3s
2026-10-03 02:43:04,343 - WARNING - HTTP 404 Not Found on https://www.metropolisindia.com/parameter/25-oh-vitamin-d-serum. Skipping permanently.
2026-10-03 02:43:07,428 - INFO - Requested https://www.metropolisindia.com/parameter/primary-cervical-cancer-screening-high-risk-hpv-detection | Status: 404 | Elapsed: 0.08s | Delay: 3s
2026-10-03 02:43:07,428 - WARNING - HTTP 404 Not Found on https://www.metropolisindia.com/parameter/primary-cervical-cancer-screening-high-risk-hpv-detection. Skipping permanently.
2026-10-03 02:43:10,567 - INFO - Requested https://www.metropolisindia.com/parameter/genetics-counselling | Status: 200 | Elapsed: 0.14s | Delay: 3s
2026-10-03 02:43:14,021 - INFO - Requested https://www.metropolisindia.com/parameter/cortisol-serum | Status: 404 | Elapsed: 0.08s | Delay: 3s
2026-10-03 02:43:14,021 - WARNING - HTTP 404 Not Found on https://www.metropolisindia.com/parameter/cortisol-serum. Skipping permanently.
2026-10-03 02:43:17,276 - INFO - Requested https://www.metropolisindia.com/parameter/esr | Status: 404 | Elapsed: 0.25s | Delay: 3s
2026-10-03 02:43:17,276 - WARNING - HTTP 404 Not Found on https://www.metropolisindia.com/parameter/esr. Skipping permanently.
2026-10-03 02:43:17,277 - INFO - --- PROGRESS REPORT --- Reqs(200): 6 | 404s: 44 | Packages: 60 | Profiles: 49 | Tests: 0 | 429s: 0 | Retries: 0 | Errors: 0 | Delay: 3s | Remaining: 1511
2026-10-03 02:43:20,361 - INFO - Requested https://www.metropolisindia.com/parameter/nextgen-hereditary-cancer-panel-edta-blood | Status: 404 | Elapsed: 0.08s | Delay: 3s
2026-10-03 02:43:20,361 - WARNING - HTTP 404 Not Found on https://www.metropolisindia.com/parameter/nextgen-hereditary-cancer-panel-edta-blood. Skipping permanently.
2026-10-03 02:43:23,447 - INFO - Requested https://www.metropolisindia.com/parameter/ferritin-serum | Status: 404 | Elapsed: 0.08s | Delay: 3s
2026-10-03 02:43:23,447 - WARNING - HTTP 404 Not Found on https://www.metropolisindia.com/parameter/ferritin-serum. Skipping permanently.
2026-10-03 02:43:26,530 - INFO - Requested https://www.metropolisindia.com/parameter/bilirubin-direct-serum | Status: 404 | Elapsed: 0.08s | Delay: 3s
2026-10-03 02:43:26,530 - WARNING - HTTP 404 Not Found on https://www.metropolisindia.com/parameter/bilirubin-direct-serum. Skipping permanently.
2026-10-03 02:43:29,618 - INFO - Requested https://www.metropolisindia.com/parameter/hcv-total-antibody-(for-hepititis-c)-serum | Status: 404 | Elapsed: 0.09s | Delay: 3s
2026-10-03 02:43:29,618 - WARNING - HTTP 404 Not Found on https://www.metropolisindia.com/parameter/hcv-total-antibody-(for-hepititis-c)-serum. Skipping permanently.
2026-10-03 02:43:32,702 - INFO - Requested https://www.metropolisindia.com/parameter/ca-125-serum | Status: 404 | Elapsed: 0.08s | Delay: 3s
2026-10-03 02:43:32,703 - WARNING - HTTP 404 Not Found on https://www.metropolisindia.com/parameter/ca-125-serum. Skipping permanently.
2026-10-03 02:43:35,782 - INFO - Requested https://www.metropolisindia.com/parameter/ige-total-serum | Status: 404 | Elapsed: 0.08s | Delay: 3s
2026-10-03 02:43:35,783 - WARNING - HTTP 404 Not Found on https://www.metropolisindia.com/parameter/ige-total-serum. Skipping permanently.
2026-10-03 02:43:38,876 - INFO - Requested https://www.metropolisindia.com/parameter/bilirubin-indirect-serum | Status: 404 | Elapsed: 0.09s | Delay: 3s
2026-10-03 02:43:38,876 - WARNING - HTTP 404 Not Found on https://www.metropolisindia.com/parameter/bilirubin-indirect-serum. Skipping permanently.
2026-10-03 02:43:41,959 - INFO - Requested https://www.metropolisindia.com/parameter/calcitonin-thyrocalcitonin-serum | Status: 404 | Elapsed: 0.08s | Delay: 3s
2026-10-03 02:43:41,960 - WARNING - HTTP 404 Not Found on https://www.metropolisindia.com/parameter/calcitonin-thyrocalcitonin-serum. Skipping permanently.
2026-10-03 02:43:45,092 - INFO - Requested https://www.metropolisindia.com/parameter/globulin-serum | Status: 200 | Elapsed: 0.13s | Delay: 3s
2026-10-03 02:43:48,379 - INFO - Requested https://www.metropolisindia.com/parameter/ldl-cholesterol---direct-serum | Status: 404 | Elapsed: 0.08s | Delay: 3s
2026-10-03 02:43:48,381 - WARNING - HTTP 404 Not Found on https://www.metropolisindia.com/parameter/ldl-cholesterol---direct-serum. Skipping permanently.
2026-10-03 02:43:51,462 - INFO - Requested https://www.metropolisindia.com/parameter/insulin-fasting | Status: 404 | Elapsed: 0.08s | Delay: 3s
2026-10-03 02:43:51,464 - WARNING - HTTP 404 Not Found on https://www.metropolisindia.com/parameter/insulin-fasting. Skipping permanently.
2026-10-03 02:43:54,546 - INFO - Requested https://www.metropolisindia.com/parameter/thyroglobulin-serum | Status: 404 | Elapsed: 0.08s | Delay: 3s
2026-10-03 02:43:54,546 - WARNING - HTTP 404 Not Found on https://www.metropolisindia.com/parameter/thyroglobulin-serum. Skipping permanently.
2026-10-03 02:43:57,724 - INFO - Requested https://www.metropolisindia.com/parameter/egfr-for-creatinine-serum | Status: 200 | Elapsed: 0.18s | Delay: 3s
2026-10-03 02:44:01,256 - INFO - Requested https://www.metropolisindia.com/parameter/psa-(for-men-only)--for-prostate-cancer | Status: 404 | Elapsed: 0.08s | Delay: 3s
2026-10-03 02:44:01,257 - WARNING - HTTP 404 Not Found on https://www.metropolisindia.com/parameter/psa-(for-men-only)--for-prostate-cancer. Skipping permanently.
2026-10-03 02:44:04,345 - INFO - Requested https://www.metropolisindia.com/parameter/free-psa-(prostate-specific-antigen)-serum | Status: 404 | Elapsed: 0.09s | Delay: 3s
2026-10-03 02:44:04,345 - WARNING - HTTP 404 Not Found on https://www.metropolisindia.com/parameter/free-psa-(prostate-specific-antigen)-serum. Skipping permanently.
2026-10-03 02:44:07,653 - INFO - Requested https://www.metropolisindia.com/parameter/proteins-total-serum | Status: 404 | Elapsed: 0.31s | Delay: 3s
2026-10-03 02:44:07,654 - WARNING - HTTP 404 Not Found on https://www.metropolisindia.com/parameter/proteins-total-serum. Skipping permanently.
2026-10-03 02:44:10,829 - INFO - Requested https://www.metropolisindia.com/parameter/bilirubin-total-serum | Status: 404 | Elapsed: 0.17s | Delay: 3s
2026-10-03 02:44:10,829 - WARNING - HTTP 404 Not Found on https://www.metropolisindia.com/parameter/bilirubin-total-serum. Skipping permanently.
2026-10-03 02:44:13,965 - INFO - Requested https://www.metropolisindia.com/parameter/uric-acid-serum | Status: 200 | Elapsed: 0.13s | Delay: 3s
2026-10-03 02:44:17,299 - INFO - Requested https://www.metropolisindia.com/parameter/microalbumin/creatinine-ratio-urine | Status: 404 | Elapsed: 0.06s | Delay: 3s
2026-10-03 02:44:17,299 - WARNING - HTTP 404 Not Found on https://www.metropolisindia.com/parameter/microalbumin/creatinine-ratio-urine. Skipping permanently.
2026-10-03 02:44:20,386 - INFO - Requested https://www.metropolisindia.com/parameter/gamma-gt-serum | Status: 404 | Elapsed: 0.09s | Delay: 3s
2026-10-03 02:44:20,386 - WARNING - HTTP 404 Not Found on https://www.metropolisindia.com/parameter/gamma-gt-serum. Skipping permanently.
2026-10-03 02:44:23,467 - INFO - Requested https://www.metropolisindia.com/parameter/sodium-serum | Status: 404 | Elapsed: 0.08s | Delay: 3s
2026-10-03 02:44:23,467 - WARNING - HTTP 404 Not Found on https://www.metropolisindia.com/parameter/sodium-serum. Skipping permanently.
2026-10-03 02:44:26,555 - INFO - Requested https://www.metropolisindia.com/parameter/afp-(alpha-feto-protein)-serum | Status: 404 | Elapsed: 0.09s | Delay: 3s
2026-10-03 02:44:26,555 - WARNING - HTTP 404 Not Found on https://www.metropolisindia.com/parameter/afp-(alpha-feto-protein)-serum. Skipping permanently.
2026-10-03 02:44:29,636 - INFO - Requested https://www.metropolisindia.com/parameter/phosphorus-serum | Status: 404 | Elapsed: 0.08s | Delay: 3s
2026-10-03 02:44:29,636 - WARNING - HTTP 404 Not Found on https://www.metropolisindia.com/parameter/phosphorus-serum. Skipping permanently.
2026-10-03 02:44:32,637 - INFO - --- CRAWLING TESTS ---
2026-10-03 02:44:32,768 - INFO - Requested https://www.metropolisindia.com/parameter/lactate-dehydrogenase-test | Status: 200 | Elapsed: 0.13s | Delay: 3s
2026-10-03 02:44:36,387 - INFO - Requested https://www.metropolisindia.com/parameter/hiv-2-rt-qualitative-blood-test | Status: 200 | Elapsed: 0.14s | Delay: 3s
2026-10-03 02:44:36,388 - INFO - --- PROGRESS REPORT --- Reqs(200): 11 | 404s: 64 | Packages: 60 | Profiles: 74 | Tests: 1 | 429s: 0 | Retries: 0 | Errors: 0 | Delay: 3s | Remaining: 1507
2026-10-03 02:44:39,947 - INFO - Requested https://www.metropolisindia.com/parameter/amh-supreme | Status: 200 | Elapsed: 0.14s | Delay: 3s
2026-10-03 02:44:43,420 - INFO - Requested https://www.metropolisindia.com/parameter/brca-1-2-somatic-mutation-analysis-ffpe-tissue | Status: 200 | Elapsed: 0.13s | Delay: 3s
2026-10-03 02:44:47,098 - INFO - Requested https://www.metropolisindia.com/parameter/kappa-light-chains-by-flow-cytometry | Status: 200 | Elapsed: 0.14s | Delay: 3s
2026-10-03 02:44:50,796 - INFO - Requested https://www.metropolisindia.com/parameter/trisomy-aneuploidy-for-chromosome-13-21-by-fish-amniotic-fluid | Status: 200 | Elapsed: 0.25s | Delay: 3s
2026-10-03 02:44:54,482 - INFO - Requested https://www.metropolisindia.com/parameter/allergy-fx-5-panel | Status: 200 | Elapsed: 0.27s | Delay: 3s
2026-10-03 02:44:57,962 - INFO - Requested https://www.metropolisindia.com/parameter/afb-rapid-culture-by-bactec-mgit-tissuebiopsy | Status: 200 | Elapsed: 0.14s | Delay: 3s
2026-10-03 02:45:01,648 - INFO - Requested https://www.metropolisindia.com/parameter/nor-adrenaline-nor-epinephrine-ur-hplc | Status: 200 | Elapsed: 0.16s | Delay: 3s
2026-10-03 02:45:05,164 - INFO - Requested https://www.metropolisindia.com/parameter/vitamin-b5 | Status: 200 | Elapsed: 0.13s | Delay: 3s
2026-10-03 02:45:08,776 - INFO - Requested https://www.metropolisindia.com/parameter/nocardia-detection-by-smear-examination-tissue | Status: 200 | Elapsed: 0.14s | Delay: 3s
2026-10-03 02:45:12,419 - INFO - Requested https://www.metropolisindia.com/parameter/magnesiumurine-24h | Status: 200 | Elapsed: 0.13s | Delay: 3s
2026-10-03 02:45:16,515 - INFO - Requested https://www.metropolisindia.com/parameter/afb-antibiogram-for-mtb-complex-kanamycin | Status: 200 | Elapsed: 0.67s | Delay: 3s
2026-10-03 02:45:20,087 - INFO - Requested https://www.metropolisindia.com/parameter/haemoglobin-studies | Status: 200 | Elapsed: 0.13s | Delay: 3s
2026-10-03 02:45:23,668 - INFO - Requested https://www.metropolisindia.com/parameter/genetics-counselling | Status: 200 | Elapsed: 0.12s | Delay: 3s
2026-10-03 02:45:27,276 - INFO - Requested https://www.metropolisindia.com/parameter/arginine-quantitative-serum | Status: 200 | Elapsed: 0.13s | Delay: 3s
2026-10-03 02:45:30,845 - INFO - Requested https://www.metropolisindia.com/parameter/allergy-screening-ige-with-phadiatop-child-5-y | Status: 200 | Elapsed: 0.14s | Delay: 3s
2026-10-03 02:45:34,627 - INFO - Requested https://www.metropolisindia.com/parameter/leukemia-panel-t-all-blood | Status: 200 | Elapsed: 0.15s | Delay: 3s
2026-10-03 02:45:39,013 - INFO - Requested https://www.metropolisindia.com/parameter/afb-rapid-culture-by-bactec-mgit-pus-abscess-and-aspirates | Status: 200 | Elapsed: 0.93s | Delay: 3s
2026-10-03 02:45:42,669 - INFO - Requested https://www.metropolisindia.com/parameter/triglyceridesbiochemicalurine | Status: 200 | Elapsed: 0.13s | Delay: 3s
2026-10-03 02:45:46,351 - INFO - Requested https://www.metropolisindia.com/parameter/karyotyping-by-g-banding-peripheral-blood | Status: 200 | Elapsed: 0.23s | Delay: 3s
2026-10-03 02:45:50,231 - INFO - Requested https://www.metropolisindia.com/parameter/phenyl-alanine-neonatal-screen-dried-blood-spot | Status: 200 | Elapsed: 0.14s | Delay: 3s
2026-10-03 02:45:53,702 - INFO - Requested https://www.metropolisindia.com/parameter/insulin-antibodytype-i-ii-diabetesserum | Status: 200 | Elapsed: 0.12s | Delay: 3s
2026-10-03 02:45:57,306 - INFO - Requested https://www.metropolisindia.com/parameter/neoxpert-5-newborn-screening-5-analytes | Status: 200 | Elapsed: 0.14s | Delay: 3s
2026-10-03 02:46:00,941 - INFO - Requested https://www.metropolisindia.com/parameter/selenium-serum-by-icpms | Status: 200 | Elapsed: 0.14s | Delay: 3s
2026-10-03 02:46:04,499 - INFO - Requested https://www.metropolisindia.com/parameter/pra-identification-class-i-and-class-ii | Status: 200 | Elapsed: 0.14s | Delay: 3s
2026-10-03 02:46:08,270 - INFO - Requested https://www.metropolisindia.com/parameter/hcg-beta-subunitcmiaurine-spot | Status: 200 | Elapsed: 0.13s | Delay: 3s
2026-10-03 02:46:08,271 - INFO - --- PROGRESS REPORT --- Reqs(200): 36 | 404s: 64 | Packages: 60 | Profiles: 74 | Tests: 26 | 429s: 0 | Retries: 0 | Errors: 0 | Delay: 3s | Remaining: 1482
2026-10-03 02:46:11,820 - INFO - Requested https://www.metropolisindia.com/parameter/allergenindividual-foodporkpig-meat | Status: 200 | Elapsed: 0.14s | Delay: 3s
2026-10-03 02:46:15,298 - INFO - Requested https://www.metropolisindia.com/parameter/citrulline-quantitative-serum | Status: 200 | Elapsed: 0.13s | Delay: 3s
2026-10-03 02:46:18,888 - INFO - Requested https://www.metropolisindia.com/parameter/calculus-stone-analysis-by-automated-ftir-urine-calculus | Status: 200 | Elapsed: 0.14s | Delay: 3s
2026-10-03 02:46:22,678 - INFO - Requested https://www.metropolisindia.com/parameter/vitamin-d-blood-test | Status: 200 | Elapsed: 0.40s | Delay: 3s
2026-10-03 02:46:26,205 - INFO - Requested https://www.metropolisindia.com/parameter/acid-lipase-disorder | Status: 200 | Elapsed: 0.14s | Delay: 3s
2026-10-03 02:46:29,740 - INFO - Requested https://www.metropolisindia.com/parameter/hla-typing-b51-locus-luminex | Status: 200 | Elapsed: 0.15s | Delay: 3s
2026-10-03 02:46:33,378 - INFO - Requested https://www.metropolisindia.com/parameter/chikungunya-rna-detection-by-real-time-pcr | Status: 200 | Elapsed: 0.14s | Delay: 3s
2026-10-03 02:46:36,921 - INFO - Requested https://www.metropolisindia.com/parameter/brca12-targeted-mutation-analysis-family-members | Status: 200 | Elapsed: 0.14s | Delay: 3s
2026-10-03 02:46:40,680 - INFO - Requested https://www.metropolisindia.com/parameter/protein-body-fluid | Status: 200 | Elapsed: 0.14s | Delay: 3s
2026-10-03 02:46:44,313 - INFO - Requested https://www.metropolisindia.com/parameter/allergy-panel-food-test | Status: 200 | Elapsed: 0.14s | Delay: 3s
2026-10-03 02:46:47,982 - INFO - Requested https://www.metropolisindia.com/parameter/genexpert-mtbrif-resistance-pulmonary | Status: 200 | Elapsed: 0.16s | Delay: 3s
2026-10-03 02:46:51,441 - INFO - Requested https://www.metropolisindia.com/parameter/afb-antibiogram-for-mtb-complex-ethionamide | Status: 200 | Elapsed: 0.14s | Delay: 3s
2026-10-03 02:46:54,968 - INFO - Requested https://www.metropolisindia.com/parameter/allergenindividual-dustdermatophagoides-farinaehouse-dust-mite | Status: 200 | Elapsed: 0.13s | Delay: 3s
2026-10-03 02:46:58,548 - INFO - Requested https://www.metropolisindia.com/parameter/intrinsic-factor-antibody-by-ifaautoimmune-gastritis-pernicious-anaemiaserum | Status: 200 | Elapsed: 0.15s | Delay: 3s
2026-10-03 02:47:02,211 - INFO - Requested https://www.metropolisindia.com/parameter/selenium-blood-by-icpms | Status: 200 | Elapsed: 0.13s | Delay: 3s
2026-10-03 02:47:05,674 - INFO - Requested https://www.metropolisindia.com/parameter/allergenindividual-weed-pollengoose-footchenopodium-album | Status: 200 | Elapsed: 0.13s | Delay: 3s
2026-10-03 02:47:09,122 - INFO - Requested https://www.metropolisindia.com/parameter/threonine-quantitative-serum | Status: 200 | Elapsed: 0.13s | Delay: 3s
2026-10-03 02:47:12,845 - INFO - Requested https://www.metropolisindia.com/parameter/threonine-quantitative-urine | Status: 200 | Elapsed: 0.14s | Delay: 3s
2026-10-03 02:47:16,280 - INFO - Requested https://www.metropolisindia.com/parameter/pre-albuminserum | Status: 200 | Elapsed: 0.14s | Delay: 3s
2026-10-03 02:47:19,789 - INFO - Requested https://www.metropolisindia.com/parameter/malaria-parasite-detection-by-smear-examination | Status: 200 | Elapsed: 0.15s | Delay: 3s
2026-10-03 02:47:23,442 - INFO - Requested https://www.metropolisindia.com/parameter/leucine-quantitative-urine-24h | Status: 200 | Elapsed: 0.15s | Delay: 3s
2026-10-03 02:47:27,224 - INFO - Requested https://www.metropolisindia.com/parameter/ihc-single-marker-with-reporting-calponin | Status: 200 | Elapsed: 0.13s | Delay: 3s
2026-10-03 02:47:30,481 - INFO - Requested https://www.metropolisindia.com/parameter/ferritin-serum-test | Status: 200 | Elapsed: 0.14s | Delay: 3s
2026-10-03 02:47:33,745 - INFO - Requested https://www.metropolisindia.com/parameter/spinal-muscular-atrophy-microdeletion-by-pcr-smn1-gene-deletion | Status: 200 | Elapsed: 0.13s | Delay: 3s
2026-10-03 02:47:37,012 - INFO - Requested https://www.metropolisindia.com/parameter/dengue-ns1-antigen-test | Status: 200 | Elapsed: 0.15s | Delay: 3s
2026-10-03 02:47:37,012 - INFO - --- PROGRESS REPORT --- Reqs(200): 61 | 404s: 64 | Packages: 60 | Profiles: 74 | Tests: 51 | 429s: 0 | Retries: 0 | Errors: 0 | Delay: 3s | Remaining: 1457
2026-10-03 02:47:40,739 - INFO - Requested https://www.metropolisindia.com/parameter/multiple-sclerosis-profile-maxi | Status: 200 | Elapsed: 0.15s | Delay: 3s
2026-10-03 02:47:44,364 - INFO - Requested https://www.metropolisindia.com/parameter/alpha-1-antitrypsinserum | Status: 200 | Elapsed: 0.14s | Delay: 3s
2026-10-03 02:47:47,951 - INFO - Requested https://www.metropolisindia.com/parameter/egfr-mutation-analysis | Status: 200 | Elapsed: 0.14s | Delay: 3s
2026-10-03 02:47:51,618 - INFO - Requested https://www.metropolisindia.com/parameter/afb-drug-susceptibility-panel-2nd-line-4-drugs-kepo | Status: 200 | Elapsed: 0.19s | Delay: 3s
2026-10-03 02:47:55,317 - INFO - Requested https://www.metropolisindia.com/parameter/vitamin-b3-niacin | Status: 200 | Elapsed: 0.14s | Delay: 3s
2026-10-03 02:47:58,996 - INFO - Requested https://www.metropolisindia.com/parameter/fungal-stain-culture-and-identification-pus | Status: 200 | Elapsed: 0.14s | Delay: 3s
2026-10-03 02:48:02,608 - INFO - Requested https://www.metropolisindia.com/parameter/allergenindividual-foodonionpiaz-allium-cepa | Status: 200 | Elapsed: 0.13s | Delay: 3s
2026-10-03 02:48:06,158 - INFO - Requested https://www.metropolisindia.com/parameter/proteinscreatinine-ratio | Status: 200 | Elapsed: 0.14s | Delay: 3s
2026-10-03 02:48:09,761 - INFO - Requested https://www.metropolisindia.com/parameter/by-conventional-method | Status: 200 | Elapsed: 0.13s | Delay: 3s
2026-10-03 02:48:13,348 - INFO - Requested https://www.metropolisindia.com/parameter/c-peptide-fasting-test | Status: 200 | Elapsed: 0.14s | Delay: 3s
2026-10-03 02:48:16,756 - INFO - Requested https://www.metropolisindia.com/parameter/meth-haemoglobinbiochemicalblood | Status: 200 | Elapsed: 0.14s | Delay: 3s
2026-10-03 02:48:20,216 - INFO - Requested https://www.metropolisindia.com/parameter/bile-salt-pigmentsurine | Status: 200 | Elapsed: 0.14s | Delay: 3s
2026-10-03 02:48:23,661 - INFO - Requested https://www.metropolisindia.com/parameter/human-immunodeficiency-virus-type-1-hiv-1-dna-qualitative | Status: 200 | Elapsed: 0.13s | Delay: 3s
2026-10-03 02:48:27,127 - INFO - Requested https://www.metropolisindia.com/parameter/allergenindividual-grass-pollentimothy-grassghass-phleum-pratense | Status: 200 | Elapsed: 0.12s | Delay: 3s
2026-10-03 02:48:30,814 - INFO - Requested https://www.metropolisindia.com/parameter/iggtotal-antibodyserum | Status: 200 | Elapsed: 0.13s | Delay: 3s
2026-10-03 02:48:34,352 - INFO - Requested https://www.metropolisindia.com/parameter/allergy-dust-panel | Status: 200 | Elapsed: 0.19s | Delay: 3s
2026-10-03 02:48:37,982 - INFO - Requested https://www.metropolisindia.com/parameter/neuronal-antibody-profile-3 | Status: 200 | Elapsed: 0.22s | Delay: 3s
2026-10-03 02:48:41,478 - INFO - Requested https://www.metropolisindia.com/parameter/hepatitis-b-virus-hbv-precore-mutation | Status: 200 | Elapsed: 0.13s | Delay: 3s
2026-10-03 02:48:45,045 - INFO - Requested https://www.metropolisindia.com/parameter/karyotyping-reflex-fish131821xychorion-villi | Status: 200 | Elapsed: 0.14s | Delay: 3s
2026-10-03 02:48:48,521 - INFO - Requested https://www.metropolisindia.com/parameter/ihc-single-marker-with-reporting-ck20 | Status: 200 | Elapsed: 0.13s | Delay: 3s
2026-10-03 02:48:52,022 - INFO - Requested https://www.metropolisindia.com/parameter/ca-125-test-or-cancer-antigen-125-test | Status: 200 | Elapsed: 0.14s | Delay: 3s
2026-10-03 02:48:55,567 - INFO - Requested https://www.metropolisindia.com/parameter/acetone-ketone-urine | Status: 200 | Elapsed: 0.13s | Delay: 3s
2026-10-03 02:48:59,220 - INFO - Requested https://www.metropolisindia.com/parameter/allergenindividual-foodmustardsarson-brassica-sinapsis-spp | Status: 200 | Elapsed: 0.15s | Delay: 3s
2026-10-03 02:49:02,710 - INFO - Requested https://www.metropolisindia.com/parameter/ihc-single-marker-with-reporting-cd3 | Status: 200 | Elapsed: 0.16s | Delay: 3s
2026-10-03 02:49:06,289 - INFO - Requested https://www.metropolisindia.com/parameter/allergy-vegetable-1-panel | Status: 200 | Elapsed: 0.14s | Delay: 3s
2026-10-03 02:49:06,289 - INFO - --- PROGRESS REPORT --- Reqs(200): 86 | 404s: 64 | Packages: 60 | Profiles: 74 | Tests: 76 | 429s: 0 | Retries: 0 | Errors: 0 | Delay: 3s | Remaining: 1432
2026-10-03 02:49:09,768 - INFO - Requested https://www.metropolisindia.com/parameter/minerals-profile-hair | Status: 200 | Elapsed: 0.09s | Delay: 3s
2026-10-03 02:49:13,131 - INFO - Requested https://www.metropolisindia.com/parameter/testosterone-total-serum | Status: 200 | Elapsed: 0.16s | Delay: 3s
2026-10-03 02:49:16,674 - INFO - Requested https://www.metropolisindia.com/parameter/homocysteine-test | Status: 200 | Elapsed: 0.13s | Delay: 3s
2026-10-03 02:49:20,126 - INFO - Requested https://www.metropolisindia.com/parameter/1-3-ss-d-glucan-level | Status: 200 | Elapsed: 0.14s | Delay: 3s
2026-10-03 02:49:23,661 - INFO - Requested https://www.metropolisindia.com/parameter/aspergillosis-iggigg-antibodiesserum | Status: 200 | Elapsed: 0.13s | Delay: 3s
2026-10-03 02:49:27,226 - INFO - Requested https://www.metropolisindia.com/parameter/gfr-with-cystatin-c-serum-adult-above-18-years | Status: 200 | Elapsed: 0.14s | Delay: 3s
2026-10-03 02:49:30,786 - INFO - Requested https://www.metropolisindia.com/parameter/mpo-by-eiap-ancaserum | Status: 200 | Elapsed: 0.13s | Delay: 3s
2026-10-03 02:49:34,288 - INFO - Requested https://www.metropolisindia.com/parameter/ihc-panels-with-reporting-breast-ii-er-pr-c-erb-b2 | Status: 200 | Elapsed: 0.13s | Delay: 3s
2026-10-03 02:49:37,768 - INFO - Requested https://www.metropolisindia.com/parameter/succinylacetone-urine | Status: 200 | Elapsed: 0.13s | Delay: 3s
2026-10-03 02:49:41,313 - INFO - Requested https://www.metropolisindia.com/parameter/cd19 | Status: 200 | Elapsed: 0.13s | Delay: 3s
2026-10-03 02:49:44,583 - INFO - Requested https://www.metropolisindia.com/parameter/vitamin-b-12 | Status: 200 | Elapsed: 0.13s | Delay: 3s
2026-10-03 02:49:47,899 - INFO - Requested https://www.metropolisindia.com/parameter/hcv-hepatitis-c-genotyping-by-sequencing-plasma | Status: 200 | Elapsed: 0.13s | Delay: 3s
2026-10-03 02:49:51,160 - INFO - Requested https://www.metropolisindia.com/parameter/fungal-antibiogram-yeast-mic-panel-pure-culture | Status: 200 | Elapsed: 0.14s | Delay: 3s
2026-10-03 02:49:54,405 - INFO - Requested https://www.metropolisindia.com/parameter/osmolalityfreezing-pointurine | Status: 200 | Elapsed: 0.13s | Delay: 3s
2026-10-03 02:49:57,649 - INFO - Requested https://www.metropolisindia.com/parameter/hla-donor-specific-antibody-dsa-luminex | Status: 200 | Elapsed: 0.13s | Delay: 3s
2026-10-03 02:50:01,026 - INFO - Requested https://www.metropolisindia.com/parameter/fungal-stain-sputum | Status: 200 | Elapsed: 0.17s | Delay: 3s
2026-10-03 02:50:04,267 - INFO - Requested https://www.metropolisindia.com/parameter/flu-panel-2-nasopharangeal-swab | Status: 200 | Elapsed: 0.13s | Delay: 3s
2026-10-03 02:50:07,526 - INFO - Requested https://www.metropolisindia.com/parameter/neoxpert-by-tms-newborn-screening-40-analytes | Status: 200 | Elapsed: 0.13s | Delay: 3s
2026-10-03 02:50:10,862 - INFO - Requested https://www.metropolisindia.com/parameter/mtb-xpert-xdr-rapid-pulmonary | Status: 200 | Elapsed: 0.21s | Delay: 3s
2026-10-03 02:50:14,155 - INFO - Requested https://www.metropolisindia.com/parameter/chloridesurine-spot | Status: 200 | Elapsed: 0.13s | Delay: 3s
2026-10-03 02:50:17,417 - INFO - Requested https://www.metropolisindia.com/parameter/free-kappa-light-chain-serum | Status: 200 | Elapsed: 0.13s | Delay: 3s
2026-10-03 02:50:20,750 - INFO - Requested https://www.metropolisindia.com/parameter/prostate-specific-antigen-test | Status: 200 | Elapsed: 0.14s | Delay: 3s
2026-10-03 02:50:24,337 - INFO - Requested https://www.metropolisindia.com/parameter/thallium-icpms-urine-spot | Status: 200 | Elapsed: 0.13s | Delay: 3s
2026-10-03 02:50:27,814 - INFO - Requested https://www.metropolisindia.com/parameter/ihc-single-marker-with-reporting-cd23 | Status: 200 | Elapsed: 0.13s | Delay: 3s
2026-10-03 02:50:31,428 - INFO - Requested https://www.metropolisindia.com/parameter/amino-acid-quantitative-urine | Status: 200 | Elapsed: 0.13s | Delay: 3s
2026-10-03 02:50:31,429 - INFO - --- PROGRESS REPORT --- Reqs(200): 111 | 404s: 64 | Packages: 60 | Profiles: 74 | Tests: 101 | 429s: 0 | Retries: 0 | Errors: 0 | Delay: 3s | Remaining: 1407
2026-10-03 02:50:34,893 - INFO - Requested https://www.metropolisindia.com/parameter/clostridium-difficile-gdh-reflex-toxin-ab | Status: 200 | Elapsed: 0.13s | Delay: 3s
2026-10-03 02:50:38,162 - INFO - Requested https://www.metropolisindia.com/parameter/anaemia-profile-macrocytic | Status: 200 | Elapsed: 0.14s | Delay: 3s
2026-10-03 02:50:41,418 - INFO - Requested https://www.metropolisindia.com/parameter/leukemia-panel-ph-like-b-all-bone-marrow | Status: 200 | Elapsed: 0.14s | Delay: 3s
2026-10-03 02:50:44,694 - INFO - Requested https://www.metropolisindia.com/parameter/allergenindividual-animalhorse-danderserum | Status: 200 | Elapsed: 0.13s | Delay: 3s
2026-10-03 02:50:48,375 - INFO - Requested https://www.metropolisindia.com/parameter/allergenindividual-foodbeefcow-meat-bos-spp | Status: 200 | Elapsed: 0.27s | Delay: 3s
2026-10-03 02:50:52,049 - INFO - Requested https://www.metropolisindia.com/parameter/leucine-quantitative-serum | Status: 200 | Elapsed: 0.25s | Delay: 3s
2026-10-03 02:50:55,597 - INFO - Requested https://www.metropolisindia.com/parameter/microsporidium-detection-by-smear-examination | Status: 200 | Elapsed: 0.14s | Delay: 3s
2026-10-03 02:50:59,136 - INFO - Requested https://www.metropolisindia.com/parameter/gad-total-antibody-type-i-diabetes | Status: 200 | Elapsed: 0.15s | Delay: 3s
2026-10-03 02:51:02,819 - INFO - Requested https://www.metropolisindia.com/parameter/iron-icpms-serum | Status: 200 | Elapsed: 0.13s | Delay: 3s
2026-10-03 02:51:06,345 - INFO - Requested https://www.metropolisindia.com/parameter/bk-polyoma-dna-detection-by-real-time-pcr | Status: 200 | Elapsed: 0.14s | Delay: 3s
2026-10-03 02:51:09,807 - INFO - Requested https://www.metropolisindia.com/parameter/serum-albumin-test | Status: 200 | Elapsed: 0.14s | Delay: 3s
2026-10-03 02:51:13,341 - INFO - Requested https://www.metropolisindia.com/parameter/vanillyl-mandelic-acid-vma-lc-msms-24hrs-urine | Status: 200 | Elapsed: 0.14s | Delay: 3s
2026-10-03 02:51:16,925 - INFO - Requested https://www.metropolisindia.com/parameter/fungal-stain-culture-and-identification-skin | Status: 200 | Elapsed: 0.14s | Delay: 3s
2026-10-03 02:51:20,420 - INFO - Requested https://www.metropolisindia.com/parameter/cystine-quantitative-serum | Status: 200 | Elapsed: 0.13s | Delay: 3s
2026-10-03 02:51:23,840 - INFO - Requested https://www.metropolisindia.com/parameter/allergenindividual-foodalmondbadam-amygdalus-communis | Status: 200 | Elapsed: 0.14s | Delay: 3s
2026-10-03 02:51:27,386 - INFO - Requested https://www.metropolisindia.com/parameter/afb-antibiogram-for-mtb-complex-cycloserine | Status: 200 | Elapsed: 0.13s | Delay: 3s
2026-10-03 02:51:30,990 - INFO - Requested https://www.metropolisindia.com/parameter/hla-pra-screening-class-i-and-ii-panel-reactive-antibody-luminex | Status: 200 | Elapsed: 0.14s | Delay: 3s
2026-10-03 02:51:34,529 - INFO - Requested https://www.metropolisindia.com/parameter/serine-quantitative-plasma | Status: 200 | Elapsed: 0.17s | Delay: 3s
2026-10-03 02:51:38,014 - INFO - Requested https://www.metropolisindia.com/parameter/plasma-acylcarnitine-profile | Status: 200 | Elapsed: 0.14s | Delay: 3s
2026-10-03 02:51:41,462 - INFO - Requested https://www.metropolisindia.com/parameter/ovarian-antibody-aoa-serum | Status: 200 | Elapsed: 0.13s | Delay: 3s
2026-10-03 02:51:44,882 - INFO - Requested https://www.metropolisindia.com/parameter/pmlrara-t1517-qualitative-by-pcr | Status: 200 | Elapsed: 0.15s | Delay: 3s
2026-10-03 02:51:48,639 - INFO - Requested https://www.metropolisindia.com/parameter/autoimmune-liver-disease-profile-1 | Status: 200 | Elapsed: 0.14s | Delay: 3s
2026-10-03 02:51:52,104 - INFO - Requested https://www.metropolisindia.com/parameter/hepatitis-a-virus-hav-hav-igg-antibody-serum | Status: 200 | Elapsed: 0.13s | Delay: 3s
2026-10-03 02:51:55,679 - INFO - Requested https://www.metropolisindia.com/parameter/afb-drug-susceptibility-panel-1st-and-2nd-line-panel-10-drugs | Status: 200 | Elapsed: 0.13s | Delay: 3s
2026-10-03 02:51:59,138 - INFO - Requested https://www.metropolisindia.com/parameter/glucose-post-glucose-100-gms | Status: 200 | Elapsed: 0.13s | Delay: 3s
2026-10-03 02:51:59,138 - INFO - --- PROGRESS REPORT --- Reqs(200): 136 | 404s: 64 | Packages: 60 | Profiles: 74 | Tests: 126 | 429s: 0 | Retries: 0 | Errors: 0 | Delay: 3s | Remaining: 1382
2026-10-03 02:52:02,853 - INFO - Requested https://www.metropolisindia.com/parameter/mpn-comprehensive-panel-bone-marrow | Status: 200 | Elapsed: 0.13s | Delay: 3s
2026-10-03 02:52:06,192 - INFO - Requested https://www.metropolisindia.com/parameter/phenytoin-eptoin-dilantin-serum | Status: 200 | Elapsed: 0.13s | Delay: 3s
2026-10-03 02:52:09,635 - INFO - Requested https://www.metropolisindia.com/parameter/allergenindividual-foodwheatgehon-triticum-aestivum | Status: 200 | Elapsed: 0.13s | Delay: 3s
2026-10-03 02:52:13,095 - INFO - Requested https://www.metropolisindia.com/parameter/neisseria-gonorrhoae-culture-identification-vaginal-discharge | Status: 200 | Elapsed: 0.16s | Delay: 3s
2026-10-03 02:52:16,523 - INFO - Requested https://www.metropolisindia.com/parameter/bcr-abl-is-international-scale-transcript-fusion-quantification-t1171 | Status: 200 | Elapsed: 0.13s | Delay: 3s
2026-10-03 02:52:20,060 - INFO - Requested https://www.metropolisindia.com/parameter/afb-smear-examination-fluorescent-stain-bal-other-respiratory-sample-mi-ba-fm | Status: 200 | Elapsed: 0.13s | Delay: 3s
2026-10-03 02:52:23,625 - INFO - Requested https://www.metropolisindia.com/parameter/thyroid-panel-2-ft3-ft4-tsh | Status: 200 | Elapsed: 0.21s | Delay: 3s
2026-10-03 02:52:27,380 - INFO - Requested https://www.metropolisindia.com/parameter/fungal-stain-culture-and-identification-ear-sample | Status: 200 | Elapsed: 0.29s | Delay: 3s
2026-10-03 02:52:30,821 - INFO - Requested https://www.metropolisindia.com/parameter/ch50-complement-total-test | Status: 200 | Elapsed: 0.13s | Delay: 3s
2026-10-03 02:52:34,421 - INFO - Requested https://www.metropolisindia.com/parameter/fungal-stain-specify-type-body-fluid | Status: 200 | Elapsed: 0.16s | Delay: 3s
2026-10-03 02:52:37,946 - INFO - Requested https://www.metropolisindia.com/parameter/allergenindividual-animalcat-danderserum | Status: 200 | Elapsed: 0.14s | Delay: 3s
2026-10-03 02:52:41,438 - INFO - Requested https://www.metropolisindia.com/parameter/17-oh-corticosteroidsurineby-columnchromatography-0026 | Status: 200 | Elapsed: 0.13s | Delay: 3s
2026-10-03 02:52:44,685 - INFO - Requested https://www.metropolisindia.com/parameter/allergenindividual-tree-pollenbirchbetula-verrucosa | Status: 200 | Elapsed: 0.13s | Delay: 3s
2026-10-03 02:52:48,218 - INFO - Requested https://www.metropolisindia.com/parameter/jev-japnese-encephalitis-virus-rna-detection-by-pcr-plasma | Status: 200 | Elapsed: 0.13s | Delay: 3s
2026-10-03 02:52:51,836 - INFO - Requested https://www.metropolisindia.com/parameter/fungal-stain-eye-sample | Status: 200 | Elapsed: 0.17s | Delay: 3s
2026-10-03 02:52:55,095 - INFO - Requested https://www.metropolisindia.com/parameter/selenium-urine-by-atomic-absorption-graphite-furnace | Status: 200 | Elapsed: 0.13s | Delay: 3s
2026-10-03 02:52:58,421 - INFO - Requested https://www.metropolisindia.com/parameter/ihc-single-marker-with-reporting-mdm2 | Status: 200 | Elapsed: 0.16s | Delay: 3s
2026-10-03 02:53:01,840 - INFO - Requested https://www.metropolisindia.com/parameter/taurine | Status: 200 | Elapsed: 0.13s | Delay: 3s
2026-10-03 02:53:05,343 - INFO - Requested https://www.metropolisindia.com/parameter/serum-ascites-albumin-gradient-saag | Status: 200 | Elapsed: 0.13s | Delay: 3s
2026-10-03 02:53:08,785 - INFO - Requested https://www.metropolisindia.com/parameter/parvovirus-b19igg-antibodyserum | Status: 200 | Elapsed: 0.13s | Delay: 3s
2026-10-03 02:53:12,302 - INFO - Requested https://www.metropolisindia.com/parameter/tpmt-and-nudt15-gene-analysis | Status: 200 | Elapsed: 0.13s | Delay: 3s
2026-10-03 02:53:15,922 - INFO - Requested https://www.metropolisindia.com/parameter/jak2-v617-mutation-with-reflex-to-jak2-ex-12-calr-ex-9-mutation-and-mpl-w515-s505-mutationbone-marrow | Status: 200 | Elapsed: 0.14s | Delay: 3s
2026-10-03 02:53:19,351 - INFO - Requested https://www.metropolisindia.com/parameter/cea-carcino-embryonic-antigen-body-fluid | Status: 200 | Elapsed: 0.13s | Delay: 3s
2026-10-03 02:53:22,955 - INFO - Requested https://www.metropolisindia.com/parameter/homovanillic-acid-urine | Status: 200 | Elapsed: 0.14s | Delay: 3s
2026-10-03 02:53:26,422 - INFO - Requested https://www.metropolisindia.com/parameter/albumin-body-fluid | Status: 200 | Elapsed: 0.13s | Delay: 3s
2026-10-03 02:53:26,422 - INFO - --- PROGRESS REPORT --- Reqs(200): 161 | 404s: 64 | Packages: 60 | Profiles: 74 | Tests: 151 | 429s: 0 | Retries: 0 | Errors: 0 | Delay: 3s | Remaining: 1357
2026-10-03 02:53:29,923 - INFO - Requested https://www.metropolisindia.com/parameter/glycine-quantitative-plasma | Status: 200 | Elapsed: 0.14s | Delay: 3s
2026-10-03 02:53:33,431 - INFO - Requested https://www.metropolisindia.com/parameter/leukemia-panels-by-fish-eosinophilia-cbf-beta-pdgfr-alpha-beta-fgfr-1-leukemic-blood | Status: 200 | Elapsed: 0.14s | Delay: 3s
2026-10-03 02:53:37,140 - INFO - Requested https://www.metropolisindia.com/parameter/lipid-profile-2-non-fasting | Status: 200 | Elapsed: 0.14s | Delay: 3s
2026-10-03 02:53:40,413 - INFO - Requested https://www.metropolisindia.com/parameter/adenovirusigm-antibodyserum | Status: 200 | Elapsed: 0.14s | Delay: 3s
2026-10-03 02:53:43,802 - INFO - Requested https://www.metropolisindia.com/parameter/cold-agglutininserum | Status: 200 | Elapsed: 0.14s | Delay: 3s
2026-10-03 02:53:47,243 - INFO - Requested https://www.metropolisindia.com/parameter/fungal-stain-csf | Status: 200 | Elapsed: 0.13s | Delay: 3s
2026-10-03 02:53:50,779 - INFO - Requested https://www.metropolisindia.com/parameter/fdpfibrin-degradation-productsreflex-to-end-point-titre | Status: 200 | Elapsed: 0.14s | Delay: 3s
2026-10-03 02:53:54,786 - INFO - Requested https://www.metropolisindia.com/parameter/bunurea-nitrogenpericardial-fluid | Status: 200 | Elapsed: 0.45s | Delay: 3s
2026-10-03 02:53:58,631 - INFO - Requested https://www.metropolisindia.com/parameter/calcium-urine-24h | Status: 200 | Elapsed: 0.55s | Delay: 3s
2026-10-03 02:54:02,187 - INFO - Requested https://www.metropolisindia.com/parameter/jc-bk-virus-dna-detection-by-real-time-pcr-edta-blood | Status: 200 | Elapsed: 0.13s | Delay: 3s
2026-10-03 02:54:05,657 - INFO - Requested https://www.metropolisindia.com/parameter/hla-b27-pcr | Status: 200 | Elapsed: 0.17s | Delay: 3s
2026-10-03 02:54:09,412 - INFO - Requested https://www.metropolisindia.com/parameter/gram-stain-nugents-score-vaginal-discharge | Status: 200 | Elapsed: 0.13s | Delay: 3s
2026-10-03 02:54:13,000 - INFO - Requested https://www.metropolisindia.com/parameter/leukemia-panel-by-fish-all | Status: 200 | Elapsed: 0.18s | Delay: 3s
2026-10-03 02:54:16,636 - INFO - Requested https://www.metropolisindia.com/parameter/amyloid-aserum | Status: 200 | Elapsed: 0.27s | Delay: 3s
2026-10-03 02:54:20,174 - INFO - Requested https://www.metropolisindia.com/parameter/allergenindividual-weed-pollen-common-pigweed-kaantewali-chauli-amaranthus-retroflexus | Status: 200 | Elapsed: 0.14s | Delay: 3s
2026-10-03 02:54:23,461 - INFO - Requested https://www.metropolisindia.com/parameter/leukemia-panel-mrd-for-myeloma-bone-marrow | Status: 200 | Elapsed: 0.14s | Delay: 3s
2026-10-03 02:54:27,109 - INFO - Requested https://www.metropolisindia.com/parameter/cyp2c19-genotyping | Status: 200 | Elapsed: 0.13s | Delay: 3s
2026-10-03 02:54:30,688 - INFO - Requested https://www.metropolisindia.com/parameter/ammonia-biochemical-plasma | Status: 200 | Elapsed: 0.25s | Delay: 3s
2026-10-03 02:54:34,113 - INFO - Requested https://www.metropolisindia.com/parameter/opiates-morphine-urine-spot | Status: 200 | Elapsed: 0.13s | Delay: 3s
2026-10-03 02:54:37,736 - INFO - Requested https://www.metropolisindia.com/parameter/allergenindividual-foodsoyabeanglycine-max | Status: 200 | Elapsed: 0.24s | Delay: 3s
2026-10-03 02:54:41,198 - INFO - Requested https://www.metropolisindia.com/parameter/total-t4 | Status: 200 | Elapsed: 0.13s | Delay: 3s
2026-10-03 02:54:44,746 - INFO - Requested https://www.metropolisindia.com/parameter/fungal-stain-culture-and-identification-eye-sample | Status: 200 | Elapsed: 0.13s | Delay: 3s
2026-10-03 02:54:48,356 - INFO - Requested https://www.metropolisindia.com/parameter/urine-sugar-post-glucose | Status: 200 | Elapsed: 0.13s | Delay: 3s
2026-10-03 02:54:51,895 - INFO - Requested https://www.metropolisindia.com/parameter/high-sensitivity-c-reactive-protein-crp-test-or-hscrp | Status: 200 | Elapsed: 0.17s | Delay: 3s
2026-10-03 02:54:55,428 - INFO - Requested https://www.metropolisindia.com/parameter/celiacheck-profile | Status: 200 | Elapsed: 0.13s | Delay: 3s
2026-10-03 02:54:55,428 - INFO - --- PROGRESS REPORT --- Reqs(200): 186 | 404s: 64 | Packages: 60 | Profiles: 74 | Tests: 176 | 429s: 0 | Retries: 0 | Errors: 0 | Delay: 3s | Remaining: 1332
2026-10-03 02:54:58,883 - INFO - Requested https://www.metropolisindia.com/parameter/qiastat-dx-sars-cov-2-panel | Status: 200 | Elapsed: 0.14s | Delay: 3s
2026-10-03 02:55:02,258 - INFO - Requested https://www.metropolisindia.com/parameter/albumincreatinine-ratio-urine | Status: 200 | Elapsed: 0.15s | Delay: 3s
2026-10-03 02:55:05,875 - INFO - Requested https://www.metropolisindia.com/parameter/allergenindividual-foodpistachio | Status: 200 | Elapsed: 0.13s | Delay: 3s
2026-10-03 02:55:09,265 - INFO - Requested https://www.metropolisindia.com/parameter/mpl-w515s505-mutation-analysis-blood | Status: 200 | Elapsed: 0.13s | Delay: 3s
2026-10-03 02:55:12,750 - INFO - Requested https://www.metropolisindia.com/parameter/fever-profile-super-mini | Status: 200 | Elapsed: 0.13s | Delay: 3s
2026-10-03 02:55:16,244 - INFO - Requested https://www.metropolisindia.com/parameter/carba-r-carbapenem-resistance-by-pcr | Status: 200 | Elapsed: 0.14s | Delay: 3s
2026-10-03 02:55:19,744 - INFO - Requested https://www.metropolisindia.com/parameter/clostridium-difficile-stool-by-pcr | Status: 200 | Elapsed: 0.13s | Delay: 3s
2026-10-03 02:55:23,299 - INFO - Requested https://www.metropolisindia.com/parameter/ecg-test | Status: 404 | Elapsed: 0.08s | Delay: 3s
2026-10-03 02:55:23,300 - WARNING - HTTP 404 Not Found on https://www.metropolisindia.com/parameter/ecg-test. Skipping permanently.
2026-10-03 02:55:26,439 - INFO - Requested https://www.metropolisindia.com/parameter/ldh-lactate-dehydrogenase-pleural-fluid | Status: 200 | Elapsed: 0.14s | Delay: 3s
2026-10-03 02:55:29,852 - INFO - Requested https://www.metropolisindia.com/parameter/afb-rapid-culture-by-bactec-mgit-csf | Status: 200 | Elapsed: 0.15s | Delay: 3s
2026-10-03 02:55:33,261 - INFO - Requested https://www.metropolisindia.com/parameter/allergenindividual-micro-organismpenicillium-notatumfungus-penicillium-chrysogenum | Status: 200 | Elapsed: 0.14s | Delay: 3s
2026-10-03 02:55:36,740 - INFO - Requested https://www.metropolisindia.com/parameter/ssa-antibodyroserum | Status: 200 | Elapsed: 0.19s | Delay: 3s
2026-10-03 02:55:40,253 - INFO - Requested https://www.metropolisindia.com/parameter/total-lipids-serum-l0073 | Status: 200 | Elapsed: 0.14s | Delay: 3s
2026-10-03 02:55:43,646 - INFO - Requested https://www.metropolisindia.com/parameter/allergenindividual-micro-organismaspergillus-fumigatusfungus | Status: 200 | Elapsed: 0.13s | Delay: 3s
2026-10-03 02:55:47,220 - INFO - Requested https://www.metropolisindia.com/parameter/parvovirus-b19igm-antibodyserum | Status: 200 | Elapsed: 0.13s | Delay: 3s
2026-10-03 02:55:50,697 - INFO - Requested https://www.metropolisindia.com/parameter/other-fluids-by-conventional-method | Status: 200 | Elapsed: 0.13s | Delay: 3s
2026-10-03 02:55:54,282 - INFO - Requested https://www.metropolisindia.com/parameter/sodiumurine | Status: 200 | Elapsed: 0.14s | Delay: 3s
2026-10-03 02:55:57,712 - INFO - Requested https://www.metropolisindia.com/parameter/glucose-csf | Status: 200 | Elapsed: 0.13s | Delay: 3s
2026-10-03 02:56:01,117 - INFO - Requested https://www.metropolisindia.com/parameter/breast-iv | Status: 200 | Elapsed: 0.14s | Delay: 3s
2026-10-03 02:56:04,604 - INFO - Requested https://www.metropolisindia.com/parameter/thyroid-marker-profile | Status: 200 | Elapsed: 0.14s | Delay: 3s
2026-10-03 02:56:08,094 - INFO - Requested https://www.metropolisindia.com/parameter/asparagine-quantitative-urine | Status: 200 | Elapsed: 0.14s | Delay: 3s
2026-10-03 02:56:11,566 - INFO - Requested https://www.metropolisindia.com/parameter/d3-hydroxybutarate-ranbut | Status: 200 | Elapsed: 0.13s | Delay: 3s
2026-10-03 02:56:15,347 - INFO - Requested https://www.metropolisindia.com/parameter/flu-respiratory-virus-panel-by-pcr | Status: 200 | Elapsed: 0.27s | Delay: 3s
2026-10-03 02:56:18,987 - INFO - Requested https://www.metropolisindia.com/parameter/follicle-stimulating-hormone-test | Status: 200 | Elapsed: 0.18s | Delay: 3s
2026-10-03 02:56:22,678 - INFO - Requested https://www.metropolisindia.com/parameter/sickle-cell-anemia-mutation-analysis | Status: 200 | Elapsed: 0.31s | Delay: 3s
2026-10-03 02:56:22,678 - INFO - --- PROGRESS REPORT --- Reqs(200): 210 | 404s: 65 | Packages: 60 | Profiles: 74 | Tests: 201 | 429s: 0 | Retries: 0 | Errors: 0 | Delay: 3s | Remaining: 1308
2026-10-03 02:56:26,245 - INFO - Requested https://www.metropolisindia.com/parameter/her-2-neu-gene-amplification-ffpe-tissue | Status: 200 | Elapsed: 0.14s | Delay: 3s
2026-10-03 02:56:29,746 - INFO - Requested https://www.metropolisindia.com/parameter/ihc-single-marker-with-reporting-cdx2 | Status: 200 | Elapsed: 0.13s | Delay: 3s
2026-10-03 02:56:33,490 - INFO - Requested https://www.metropolisindia.com/parameter/ihc-single-marker-with-reporting-cd1a | Status: 200 | Elapsed: 0.14s | Delay: 3s
2026-10-03 02:56:36,994 - INFO - Requested https://www.metropolisindia.com/parameter/manganese-icpms-blood | Status: 200 | Elapsed: 0.16s | Delay: 3s
2026-10-03 02:56:40,475 - INFO - Requested https://www.metropolisindia.com/parameter/tacrolimus-blood-test | Status: 200 | Elapsed: 0.15s | Delay: 3s
2026-10-03 02:56:44,051 - INFO - Requested https://www.metropolisindia.com/parameter/occult-blood-stool | Status: 200 | Elapsed: 0.13s | Delay: 3s
2026-10-03 02:56:47,630 - INFO - Requested https://www.metropolisindia.com/parameter/covid-antibody-test | Status: 200 | Elapsed: 0.18s | Delay: 3s
2026-10-03 02:56:51,452 - INFO - Requested https://www.metropolisindia.com/parameter/c3-complement | Status: 200 | Elapsed: 0.14s | Delay: 3s
2026-10-03 02:56:54,904 - INFO - Requested https://www.metropolisindia.com/parameter/adiponectinelisaserum | Status: 200 | Elapsed: 0.13s | Delay: 3s
2026-10-03 02:56:58,469 - INFO - Requested https://www.metropolisindia.com/parameter/c-reactive-protein-test | Status: 200 | Elapsed: 0.13s | Delay: 3s
2026-10-03 02:57:01,925 - INFO - Requested https://www.metropolisindia.com/parameter/soluble-transferrin-receptorbiochemicalserum | Status: 200 | Elapsed: 0.14s | Delay: 3s
2026-10-03 02:57:05,469 - INFO - Requested https://www.metropolisindia.com/parameter/typhoid-profile | Status: 200 | Elapsed: 0.14s | Delay: 3s
2026-10-03 02:57:08,783 - INFO - Requested https://www.metropolisindia.com/parameter/cholesterol-totalbody-fluid | Status: 200 | Elapsed: 0.14s | Delay: 3s
2026-10-03 02:57:12,258 - INFO - Requested https://www.metropolisindia.com/parameter/erythropoietincliaserum | Status: 200 | Elapsed: 0.14s | Delay: 3s
2026-10-03 02:57:15,731 - INFO - Requested https://www.metropolisindia.com/parameter/urine-routine-examination | Status: 200 | Elapsed: 0.23s | Delay: 3s
2026-10-03 02:57:19,144 - INFO - Requested https://www.metropolisindia.com/parameter/panfungal-dna-dna-detection-by-pcr-csf | Status: 200 | Elapsed: 0.13s | Delay: 3s
2026-10-03 02:57:22,517 - INFO - Requested https://www.metropolisindia.com/parameter/jak-2-mutation-cmpd-exon-12-mutation-blood | Status: 200 | Elapsed: 0.13s | Delay: 3s
2026-10-03 02:57:25,864 - INFO - Requested https://www.metropolisindia.com/parameter/ihc-single-marker-with-reporting-cmv | Status: 200 | Elapsed: 0.13s | Delay: 3s
2026-10-03 02:57:29,296 - INFO - Requested https://www.metropolisindia.com/parameter/sputum-by-conventional-method | Status: 200 | Elapsed: 0.14s | Delay: 3s
2026-10-03 02:57:32,642 - INFO - Requested https://www.metropolisindia.com/parameter/apolipoproteins-a1b | Status: 200 | Elapsed: 0.15s | Delay: 3s
2026-10-03 02:57:36,154 - INFO - Requested https://www.metropolisindia.com/parameter/ganglioside-igm-antibodyserum | Status: 200 | Elapsed: 0.14s | Delay: 3s
2026-10-03 02:57:39,554 - INFO - Requested https://www.metropolisindia.com/parameter/e3-unconjugatedestriolserum | Status: 200 | Elapsed: 0.13s | Delay: 3s
2026-10-03 02:57:43,114 - INFO - Requested https://www.metropolisindia.com/parameter/toxoplasma-igm-igm-antibody-serum | Status: 200 | Elapsed: 0.13s | Delay: 3s
2026-10-03 02:57:46,752 - INFO - Requested https://www.metropolisindia.com/parameter/cytology-reflex-to-cell-block-and-relevant-ihc-body-fluid | Status: 200 | Elapsed: 0.15s | Delay: 3s
2026-10-03 02:57:50,676 - INFO - Requested https://www.metropolisindia.com/parameter/aptt-activated-partial-thromboplastin-time-test | Status: 200 | Elapsed: 0.63s | Delay: 3s
2026-10-03 02:57:50,676 - INFO - --- PROGRESS REPORT --- Reqs(200): 235 | 404s: 65 | Packages: 60 | Profiles: 74 | Tests: 226 | 429s: 0 | Retries: 0 | Errors: 0 | Delay: 3s | Remaining: 1283
2026-10-03 02:57:54,541 - INFO - Requested https://www.metropolisindia.com/parameter/pla2-receptor-antibody-quantitative-serum | Status: 200 | Elapsed: 0.58s | Delay: 3s
2026-10-03 02:57:58,106 - INFO - Requested https://www.metropolisindia.com/parameter/allergenindividual-foodbakers-yeastyeast-saccharomyces-cerevisiae | Status: 200 | Elapsed: 0.29s | Delay: 3s
2026-10-03 02:58:01,571 - INFO - Requested https://www.metropolisindia.com/parameter/conventional-karyotyping-for-cll-b-cell-stimulation | Status: 200 | Elapsed: 0.15s | Delay: 3s
2026-10-03 02:58:05,067 - INFO - Requested https://www.metropolisindia.com/parameter/jc-dna-detection-by-real-time-pcr-urine | Status: 200 | Elapsed: 0.20s | Delay: 3s
2026-10-03 02:58:08,626 - INFO - Requested https://www.metropolisindia.com/parameter/ihc-panels-with-reporting-34-beta-e12-hmwck | Status: 200 | Elapsed: 0.17s | Delay: 3s
2026-10-03 02:58:12,497 - INFO - Requested https://www.metropolisindia.com/parameter/fungal-stain-urine | Status: 200 | Elapsed: 0.61s | Delay: 3s
2026-10-03 02:58:15,896 - INFO - Requested https://www.metropolisindia.com/parameter/insulin-post-prandialserum-by-cmia | Status: 200 | Elapsed: 0.20s | Delay: 3s
2026-10-03 02:58:19,386 - INFO - Requested https://www.metropolisindia.com/parameter/allergenindividual-foodkiwi-fruitactinidia-deliciosa | Status: 200 | Elapsed: 0.15s | Delay: 3s
2026-10-03 02:58:23,127 - INFO - Requested https://www.metropolisindia.com/parameter/pr3-by-eiac-ancaserum | Status: 200 | Elapsed: 0.47s | Delay: 3s
2026-10-03 02:58:26,511 - INFO - Requested https://www.metropolisindia.com/parameter/ihc-single-marker-with-reporting-ck56 | Status: 200 | Elapsed: 0.14s | Delay: 3s
2026-10-03 02:58:29,968 - INFO - Requested https://www.metropolisindia.com/parameter/hcv-total-antibody-test | Status: 200 | Elapsed: 0.15s | Delay: 3s
2026-10-03 02:58:33,462 - INFO - Requested https://www.metropolisindia.com/parameter/cysticercus-taenia-soliumigg-antibodyserum | Status: 200 | Elapsed: 0.15s | Delay: 3s
2026-10-03 02:58:37,162 - INFO - Requested https://www.metropolisindia.com/parameter/afb-dna-detection-by-real-time-pcr-urine | Status: 200 | Elapsed: 0.15s | Delay: 3s
2026-10-03 02:58:40,657 - INFO - Requested https://www.metropolisindia.com/parameter/haemoglobin-test | Status: 200 | Elapsed: 0.20s | Delay: 3s
2026-10-03 02:58:44,285 - INFO - Requested https://www.metropolisindia.com/parameter/first-trimester-test-vi-serum-penta-screen-free-beta-hcg-pappa-afp-inhibin-a-plgf-and-nt-10-t0-136-tba | Status: 200 | Elapsed: 0.16s | Delay: 3s
2026-10-03 02:58:47,724 - INFO - Requested https://www.metropolisindia.com/parameter/carbohydrate-deficient-transferrin | Status: 200 | Elapsed: 0.15s | Delay: 3s
2026-10-03 02:58:51,198 - INFO - Requested https://www.metropolisindia.com/parameter/adaadenosine-deaminaseperitoneal-fluid | Status: 200 | Elapsed: 0.12s | Delay: 3s
2026-10-03 02:58:54,936 - INFO - Requested https://www.metropolisindia.com/parameter/pleural-fluid-by-conventional-method | Status: 200 | Elapsed: 0.13s | Delay: 3s
2026-10-03 02:58:58,376 - INFO - Requested https://www.metropolisindia.com/parameter/hdl-cholesterol-test | Status: 200 | Elapsed: 0.16s | Delay: 3s
2026-10-03 02:59:01,732 - INFO - Requested https://www.metropolisindia.com/parameter/thyroglobulin-antibody-ata-serum | Status: 200 | Elapsed: 0.14s | Delay: 3s
2026-10-03 02:59:05,183 - INFO - Requested https://www.metropolisindia.com/parameter/ihc-single-marker-with-reporting-ck7 | Status: 200 | Elapsed: 0.15s | Delay: 3s
2026-10-03 02:59:08,538 - INFO - Requested https://www.metropolisindia.com/parameter/ganglioside-igg-antibodyserum | Status: 200 | Elapsed: 0.14s | Delay: 3s
2026-10-03 02:59:11,985 - INFO - Requested https://www.metropolisindia.com/parameter/ot-microbiological-surveillance-panel-bacterial-fungal5-swabs | Status: 200 | Elapsed: 0.13s | Delay: 3s
2026-10-03 02:59:15,456 - INFO - Requested https://www.metropolisindia.com/parameter/bence-jones-proteins-urine-qualitative-b0013 | Status: 200 | Elapsed: 0.14s | Delay: 3s
2026-10-03 02:59:18,852 - INFO - Requested https://www.metropolisindia.com/parameter/proteinscsf | Status: 200 | Elapsed: 0.13s | Delay: 3s
2026-10-03 02:59:18,853 - INFO - --- PROGRESS REPORT --- Reqs(200): 260 | 404s: 65 | Packages: 60 | Profiles: 74 | Tests: 251 | 429s: 0 | Retries: 0 | Errors: 0 | Delay: 3s | Remaining: 1258
2026-10-03 02:59:22,449 - INFO - Requested https://www.metropolisindia.com/parameter/ihc-single-marker-with-reporting-cd79a | Status: 200 | Elapsed: 0.14s | Delay: 3s
2026-10-03 02:59:25,948 - INFO - Requested https://www.metropolisindia.com/parameter/afb-antibiogram-for-mtb-complex-pyrazinamide | Status: 200 | Elapsed: 0.15s | Delay: 3s
2026-10-03 02:59:29,249 - INFO - Requested https://www.metropolisindia.com/parameter/afb-xdr-screen-hains-line-probe-assay-sputum-bal-other-respiratory-samples | Status: 200 | Elapsed: 0.14s | Delay: 3s
2026-10-03 02:59:32,827 - INFO - Requested https://www.metropolisindia.com/parameter/tb-interferon-ygamma-release-assay-igra-3-tube | Status: 200 | Elapsed: 0.18s | Delay: 3s
2026-10-03 02:59:36,429 - INFO - Requested https://www.metropolisindia.com/parameter/ri-antibody-serum-r0026 | Status: 200 | Elapsed: 0.20s | Delay: 3s
2026-10-03 02:59:40,110 - INFO - Requested https://www.metropolisindia.com/parameter/testosterone-bioavailable | Status: 200 | Elapsed: 0.25s | Delay: 3s
2026-10-03 02:59:43,525 - INFO - Requested https://www.metropolisindia.com/parameter/diabetes-platinum | Status: 200 | Elapsed: 0.13s | Delay: 3s
2026-10-03 02:59:47,153 - INFO - Requested https://www.metropolisindia.com/parameter/western-blot-test | Status: 200 | Elapsed: 0.16s | Delay: 3s
2026-10-03 02:59:50,802 - INFO - Requested https://www.metropolisindia.com/parameter/allergenindividual-tree-pollen-papdi-chibil-elm-a0519 | Status: 200 | Elapsed: 0.15s | Delay: 3s
2026-10-03 02:59:54,359 - INFO - Requested https://www.metropolisindia.com/parameter/fungal-stain-culture-and-identification-blood | Status: 200 | Elapsed: 0.15s | Delay: 3s
2026-10-03 02:59:57,766 - INFO - Requested https://www.metropolisindia.com/parameter/fungal-stain-nail | Status: 200 | Elapsed: 0.14s | Delay: 3s
2026-10-03 03:00:01,217 - INFO - Requested https://www.metropolisindia.com/parameter/jak-2-mutation-cmpd-v617f-bone-marrow | Status: 200 | Elapsed: 0.14s | Delay: 3s
2026-10-03 03:00:04,743 - INFO - Requested https://www.metropolisindia.com/parameter/ihc-single-marker-with-reporting-cyclin-d1 | Status: 200 | Elapsed: 0.13s | Delay: 3s
2026-10-03 03:00:08,277 - INFO - Requested https://www.metropolisindia.com/parameter/hpv-dna-detection-vaginal-swab | Status: 200 | Elapsed: 0.14s | Delay: 3s
2026-10-03 03:00:11,867 - INFO - Requested https://www.metropolisindia.com/parameter/human-metapneumoviruses-rna-rtpcr | Status: 200 | Elapsed: 0.14s | Delay: 3s
2026-10-03 03:00:15,282 - INFO - Requested https://www.metropolisindia.com/parameter/india-ink-preparation-csf | Status: 200 | Elapsed: 0.14s | Delay: 3s
2026-10-03 03:00:18,747 - INFO - Requested https://www.metropolisindia.com/parameter/biofire-blood-panel | Status: 200 | Elapsed: 0.15s | Delay: 3s
2026-10-03 03:00:22,333 - INFO - Requested https://www.metropolisindia.com/parameter/reducing-substancespaediatricurine | Status: 200 | Elapsed: 0.13s | Delay: 3s
2026-10-03 03:00:25,938 - INFO - Requested https://www.metropolisindia.com/parameter/blood-sugar-fasting-test | Status: 200 | Elapsed: 0.14s | Delay: 3s
2026-10-03 03:00:29,530 - INFO - Requested https://www.metropolisindia.com/parameter/allergenindividual-food-pecan-nut-carya-illinoensis | Status: 200 | Elapsed: 0.30s | Delay: 3s
2026-10-03 03:00:32,865 - INFO - Requested https://www.metropolisindia.com/parameter/leptospiraigg-antibodiesserum | Status: 200 | Elapsed: 0.14s | Delay: 3s
2026-10-03 03:00:36,415 - INFO - Requested https://www.metropolisindia.com/parameter/zika-virus-urine-test | Status: 200 | Elapsed: 0.13s | Delay: 3s
2026-10-03 03:00:39,989 - INFO - Requested https://www.metropolisindia.com/parameter/blood-urea-nitrogen-bun | Status: 200 | Elapsed: 0.14s | Delay: 3s
2026-10-03 03:00:43,739 - INFO - Requested https://www.metropolisindia.com/parameter/cardiac-injury-profile-mini | Status: 200 | Elapsed: 0.13s | Delay: 3s
2026-10-03 03:00:47,200 - INFO - Requested https://www.metropolisindia.com/parameter/afb-smear-examination-zn-stain-bal-other-respiratory-samples | Status: 200 | Elapsed: 0.15s | Delay: 3s
2026-10-03 03:00:47,201 - INFO - --- PROGRESS REPORT --- Reqs(200): 285 | 404s: 65 | Packages: 60 | Profiles: 74 | Tests: 276 | 429s: 0 | Retries: 0 | Errors: 0 | Delay: 3s | Remaining: 1233
2026-10-03 03:00:50,569 - INFO - Requested https://www.metropolisindia.com/parameter/hepatitis-e-viushevanti-hev-iggserum | Status: 200 | Elapsed: 0.14s | Delay: 3s
2026-10-03 03:00:54,060 - INFO - Requested https://www.metropolisindia.com/parameter/aldolaseenzymaticserum | Status: 200 | Elapsed: 0.16s | Delay: 3s
2026-10-03 03:00:57,661 - INFO - Requested https://www.metropolisindia.com/parameter/fructosaminebiochemicalserum | Status: 200 | Elapsed: 0.13s | Delay: 3s
2026-10-03 03:01:00,998 - INFO - Requested https://www.metropolisindia.com/parameter/adenovirusigg-antibodyserum | Status: 200 | Elapsed: 0.14s | Delay: 3s
2026-10-03 03:01:04,385 - INFO - Requested https://www.metropolisindia.com/parameter/allergenindividual-foodpapricasimla-mirchi-capsicum-annuum | Status: 200 | Elapsed: 0.12s | Delay: 3s
2026-10-03 03:01:07,973 - INFO - Requested https://www.metropolisindia.com/parameter/tumor-mutation-burden-with-actionable-variants | Status: 200 | Elapsed: 0.14s | Delay: 3s
2026-10-03 03:01:11,491 - INFO - Requested https://www.metropolisindia.com/parameter/galactose-total-neonatal-screen-dried-blood-spot | Status: 200 | Elapsed: 0.15s | Delay: 3s
2026-10-03 03:01:15,255 - INFO - Requested https://www.metropolisindia.com/parameter/igg-subclass-3igg3-serum-by-nephelometry | Status: 200 | Elapsed: 0.17s | Delay: 3s
2026-10-03 03:01:18,811 - INFO - Requested https://www.metropolisindia.com/parameter/afb-antibiogram-for-mtb-complex-ethambutol | Status: 200 | Elapsed: 0.15s | Delay: 3s
2026-10-03 03:01:22,235 - INFO - Requested https://www.metropolisindia.com/parameter/afb-antibiogram-for-mtb-complex-amikacin | Status: 200 | Elapsed: 0.14s | Delay: 3s
2026-10-03 03:01:25,751 - INFO - Requested https://www.metropolisindia.com/parameter/cannabis-marijuana-thc-urine-spot | Status: 200 | Elapsed: 0.14s | Delay: 3s
2026-10-03 03:01:29,313 - INFO - Requested https://www.metropolisindia.com/parameter/dnph-dinitro-phenyl-hydralazine-test-urine-d0036 | Status: 200 | Elapsed: 0.14s | Delay: 3s
2026-10-03 03:01:32,796 - INFO - Requested https://www.metropolisindia.com/parameter/porphyria-profile-urine-spot | Status: 200 | Elapsed: 0.13s | Delay: 3s
2026-10-03 03:01:36,227 - INFO - Requested https://www.metropolisindia.com/parameter/amino-acid-quantitative-analysis-by-lc-msms | Status: 200 | Elapsed: 0.13s | Delay: 3s
2026-10-03 03:01:39,850 - INFO - Requested https://www.metropolisindia.com/parameter/calreticulin-calr-exon-9-mutation-analysis-blood | Status: 200 | Elapsed: 0.14s | Delay: 3s
2026-10-03 03:01:43,416 - INFO - Requested https://www.metropolisindia.com/parameter/lung-basic-panel-by-ngsegfr-alk-ros1-brafmet-snvs-indels | Status: 200 | Elapsed: 0.18s | Delay: 3s
2026-10-03 03:01:47,079 - INFO - Requested https://www.metropolisindia.com/parameter/histopathological-examination-of-bone-marrow-trephine-biospy | Status: 200 | Elapsed: 0.14s | Delay: 3s
2026-10-03 03:01:50,729 - INFO - Requested https://www.metropolisindia.com/parameter/cbc-haemogram | Status: 200 | Elapsed: 0.15s | Delay: 3s
2026-10-03 03:01:54,370 - INFO - Requested https://www.metropolisindia.com/parameter/anti-dnase-b-enzymatic-seum | Status: 200 | Elapsed: 0.14s | Delay: 3s
2026-10-03 03:01:57,979 - INFO - Requested https://www.metropolisindia.com/parameter/phenylalanine-quantitative-serum | Status: 200 | Elapsed: 0.21s | Delay: 3s
2026-10-03 03:02:01,569 - INFO - Requested https://www.metropolisindia.com/parameter/amylase-enzymaticpleural-fluid | Status: 200 | Elapsed: 0.13s | Delay: 3s
2026-10-03 03:02:04,863 - INFO - Requested https://www.metropolisindia.com/parameter/igf-1somatomedin-cserum | Status: 200 | Elapsed: 0.13s | Delay: 3s
2026-10-03 03:02:08,433 - INFO - Requested https://www.metropolisindia.com/parameter/hla-lymphocyte-cross-matchtotal-tb-cells | Status: 200 | Elapsed: 0.13s | Delay: 3s
2026-10-03 03:02:12,012 - INFO - Requested https://www.metropolisindia.com/parameter/allergenindividual-foodcoconutnarial-cocos-nucifera | Status: 200 | Elapsed: 0.14s | Delay: 3s
2026-10-03 03:02:15,506 - INFO - Requested https://www.metropolisindia.com/parameter/ihc-single-marker-with-reporting-cd99-mic2 | Status: 200 | Elapsed: 0.14s | Delay: 3s
2026-10-03 03:02:15,506 - INFO - --- PROGRESS REPORT --- Reqs(200): 310 | 404s: 65 | Packages: 60 | Profiles: 74 | Tests: 301 | 429s: 0 | Retries: 0 | Errors: 0 | Delay: 3s | Remaining: 1208
2026-10-03 03:02:19,006 - INFO - Requested https://www.metropolisindia.com/parameter/porphobilinogen-quantitative-urine-24-hrs-p0075 | Status: 200 | Elapsed: 0.14s | Delay: 3s
2026-10-03 03:02:22,300 - INFO - Requested https://www.metropolisindia.com/parameter/zika-virus-test | Status: 200 | Elapsed: 0.14s | Delay: 3s
2026-10-03 03:02:25,806 - INFO - Requested https://www.metropolisindia.com/parameter/adenovirus-dna-pcrrespiratory-fluid | Status: 200 | Elapsed: 0.15s | Delay: 3s
2026-10-03 03:02:29,412 - INFO - Requested https://www.metropolisindia.com/parameter/fungal-stain-culture-and-identification-nail | Status: 200 | Elapsed: 0.15s | Delay: 3s
2026-10-03 03:02:32,942 - INFO - Requested https://www.metropolisindia.com/parameter/benzodiazapine-diazepam-urine-spot | Status: 200 | Elapsed: 0.21s | Delay: 3s
2026-10-03 03:02:36,441 - INFO - Requested https://www.metropolisindia.com/parameter/allergenindividual-foodtomatotamatar-lycopersicon-lycopresicum | Status: 200 | Elapsed: 0.16s | Delay: 3s
2026-10-03 03:02:39,845 - INFO - Requested https://www.metropolisindia.com/parameter/metabolic-disorder-panel-101-parameter | Status: 200 | Elapsed: 0.15s | Delay: 3s
2026-10-03 03:02:43,334 - INFO - Requested https://www.metropolisindia.com/parameter/albumincsf | Status: 200 | Elapsed: 0.24s | Delay: 3s
2026-10-03 03:02:46,955 - INFO - Requested https://www.metropolisindia.com/parameter/beta-galactosidase-gm-1-mps-iv-b-blood | Status: 200 | Elapsed: 0.14s | Delay: 3s
2026-10-03 03:02:50,460 - INFO - Requested https://www.metropolisindia.com/parameter/nocardia-detection-by-smear-examination-sputum | Status: 200 | Elapsed: 0.14s | Delay: 3s
2026-10-03 03:02:53,969 - INFO - Requested https://www.metropolisindia.com/parameter/peritoneal-washings-by-conventional-method | Status: 200 | Elapsed: 0.27s | Delay: 3s
2026-10-03 03:02:57,426 - INFO - Requested https://www.metropolisindia.com/parameter/pregascreen-quadruple | Status: 200 | Elapsed: 0.14s | Delay: 3s
2026-10-03 03:03:00,901 - INFO - Requested https://www.metropolisindia.com/parameter/calcium-test | Status: 200 | Elapsed: 0.14s | Delay: 3s
2026-10-03 03:03:04,646 - INFO - Requested https://www.metropolisindia.com/parameter/nmda-receptor-antibody-nr1-csf | Status: 200 | Elapsed: 0.26s | Delay: 3s
2026-10-03 03:03:08,209 - INFO - Requested https://www.metropolisindia.com/parameter/hla-single-antigen-bead-assay-class-i-luminex | Status: 200 | Elapsed: 0.14s | Delay: 3s
2026-10-03 03:03:11,610 - INFO - Requested https://www.metropolisindia.com/parameter/triglycerides-test | Status: 200 | Elapsed: 0.26s | Delay: 3s
2026-10-03 03:03:15,129 - INFO - Requested https://www.metropolisindia.com/parameter/platelet-antibodies-by-if-p0062 | Status: 200 | Elapsed: 0.14s | Delay: 3s
2026-10-03 03:03:18,949 - INFO - Requested https://www.metropolisindia.com/parameter/retinitis-panel-by-pcr | Status: 200 | Elapsed: 0.14s | Delay: 3s
2026-10-03 03:03:22,359 - INFO - Requested https://www.metropolisindia.com/parameter/giardia-antigen-detection-stool | Status: 200 | Elapsed: 0.14s | Delay: 3s
2026-10-03 03:03:25,890 - INFO - Requested https://www.metropolisindia.com/parameter/beta-thalassemia-beta-globin-hbb-gene-sequencing | Status: 200 | Elapsed: 0.14s | Delay: 3s
2026-10-03 03:03:29,304 - INFO - Requested https://www.metropolisindia.com/parameter/ia2insulin-autoantibodiesserum | Status: 200 | Elapsed: 0.15s | Delay: 3s
2026-10-03 03:03:32,894 - INFO - Requested https://www.metropolisindia.com/parameter/hbsag-screening-test-hepatitis-b-surface-antigen-test | Status: 200 | Elapsed: 0.16s | Delay: 3s
2026-10-03 03:03:36,345 - INFO - Requested https://www.metropolisindia.com/parameter/ugt1a1-gene-polymorphism-ta-repeat | Status: 200 | Elapsed: 0.14s | Delay: 3s
2026-10-03 03:03:39,830 - INFO - Requested https://www.metropolisindia.com/parameter/acth-stimulation-test-for-androsteindione | Status: 200 | Elapsed: 0.15s | Delay: 3s
2026-10-03 03:03:43,444 - INFO - Requested https://www.metropolisindia.com/parameter/allergenindividual-weed-pollenenglish-plantainplantago-lanceolata | Status: 200 | Elapsed: 0.14s | Delay: 3s
2026-10-03 03:03:43,445 - INFO - --- PROGRESS REPORT --- Reqs(200): 335 | 404s: 65 | Packages: 60 | Profiles: 74 | Tests: 326 | 429s: 0 | Retries: 0 | Errors: 0 | Delay: 3s | Remaining: 1183
2026-10-03 03:03:46,949 - INFO - Requested https://www.metropolisindia.com/parameter/allergenindividual-foodcod-fishmachhli-gadus-morhua | Status: 200 | Elapsed: 0.13s | Delay: 3s
2026-10-03 03:03:50,662 - INFO - Requested https://www.metropolisindia.com/parameter/dna-double-strand-antibodyby-ifa-reflex-end-point-titreserum | Status: 200 | Elapsed: 0.13s | Delay: 3s
2026-10-03 03:03:54,219 - INFO - Requested https://www.metropolisindia.com/parameter/nmo-aquaporin-4neuromyelitis-optica-antibodiesserum | Status: 200 | Elapsed: 0.14s | Delay: 3s
2026-10-03 03:03:57,811 - INFO - Requested https://www.metropolisindia.com/parameter/vitamin-d-goldcovers-vitamin-d2-vitamin-d3-d-total | Status: 200 | Elapsed: 0.15s | Delay: 3s
2026-10-03 03:04:01,407 - INFO - Requested https://www.metropolisindia.com/parameter/arsenic-plasma-by-icpms | Status: 200 | Elapsed: 0.14s | Delay: 3s
2026-10-03 03:04:04,992 - INFO - Requested https://www.metropolisindia.com/parameter/sflt-1plgf-ratio | Status: 200 | Elapsed: 0.15s | Delay: 3s
2026-10-03 03:04:08,369 - INFO - Requested https://www.metropolisindia.com/parameter/vitamin-b2-riboflavin-edta-whole-blood | Status: 200 | Elapsed: 0.24s | Delay: 3s
2026-10-03 03:04:11,664 - INFO - Requested https://www.metropolisindia.com/parameter/sflt-1-soluble-fms-like-tyrosine-kinase-1 | Status: 200 | Elapsed: 0.15s | Delay: 3s
2026-10-03 03:04:15,306 - INFO - Requested https://www.metropolisindia.com/parameter/total-proteins-test | Status: 200 | Elapsed: 0.18s | Delay: 3s
2026-10-03 03:04:18,830 - INFO - Requested https://www.metropolisindia.com/parameter/routine-examination-comprehensive-examinationstool | Status: 200 | Elapsed: 0.14s | Delay: 3s
2026-10-03 03:04:22,458 - INFO - Requested https://www.metropolisindia.com/parameter/cardiolipin-antibodyacl-igg-antibodyserum | Status: 200 | Elapsed: 0.16s | Delay: 3s
2026-10-03 03:04:25,811 - INFO - Requested https://www.metropolisindia.com/parameter/troponin-i-serum | Status: 200 | Elapsed: 0.14s | Delay: 3s
2026-10-03 03:04:29,234 - INFO - Requested https://www.metropolisindia.com/parameter/hereditary-pancreatitis-gene-panel | Status: 200 | Elapsed: 0.14s | Delay: 3s
2026-10-03 03:04:32,746 - INFO - Requested https://www.metropolisindia.com/parameter/ihc-single-marker-with-reporting-cd20 | Status: 200 | Elapsed: 0.14s | Delay: 3s
2026-10-03 03:04:36,125 - INFO - Requested https://www.metropolisindia.com/parameter/homogentisic-acid-alkaptanuria-h0256 | Status: 200 | Elapsed: 0.13s | Delay: 3s
2026-10-03 03:04:39,530 - INFO - Requested https://www.metropolisindia.com/parameter/leukemia-panel-ph-like-b-all-blood | Status: 200 | Elapsed: 0.14s | Delay: 3s
2026-10-03 03:04:42,985 - INFO - Requested https://www.metropolisindia.com/parameter/insulin-random-cmia-serum | Status: 200 | Elapsed: 0.13s | Delay: 3s
2026-10-03 03:04:46,641 - INFO - Requested https://www.metropolisindia.com/parameter/free-beta-hcgcliaserum | Status: 200 | Elapsed: 0.30s | Delay: 3s
2026-10-03 03:04:50,129 - INFO - Requested https://www.metropolisindia.com/parameter/tpo-thyroid-peroxidase-antibody | Status: 200 | Elapsed: 0.13s | Delay: 3s
2026-10-03 03:04:53,539 - INFO - Requested https://www.metropolisindia.com/parameter/achr-antibodies-acetyl-choline-receptor-antibodies-serum-test | Status: 200 | Elapsed: 0.14s | Delay: 3s
2026-10-03 03:04:57,004 - INFO - Requested https://www.metropolisindia.com/parameter/osmolalityfreezing-pointserum | Status: 200 | Elapsed: 0.23s | Delay: 3s
2026-10-03 03:05:00,495 - INFO - Requested https://www.metropolisindia.com/parameter/ureaurine-24h | Status: 200 | Elapsed: 0.14s | Delay: 3s
2026-10-03 03:05:03,964 - INFO - Requested https://www.metropolisindia.com/parameter/allergenindividual-foodpeachprunus-persica | Status: 200 | Elapsed: 0.14s | Delay: 3s
2026-10-03 03:05:07,477 - INFO - Requested https://www.metropolisindia.com/parameter/ca-724cmiaserum | Status: 200 | Elapsed: 0.14s | Delay: 3s
2026-10-03 03:05:10,944 - INFO - Requested https://www.metropolisindia.com/parameter/diabetes-hba1c-or-glycated-haemoglobin-test | Status: 200 | Elapsed: 0.15s | Delay: 3s
2026-10-03 03:05:10,945 - INFO - --- PROGRESS REPORT --- Reqs(200): 360 | 404s: 65 | Packages: 60 | Profiles: 74 | Tests: 351 | 429s: 0 | Retries: 0 | Errors: 0 | Delay: 3s | Remaining: 1158
2026-10-03 03:05:14,592 - INFO - Requested https://www.metropolisindia.com/parameter/absolute-eosinophile-count | Status: 200 | Elapsed: 0.13s | Delay: 3s
2026-10-03 03:05:17,911 - INFO - Requested https://www.metropolisindia.com/parameter/filaria-detection-by-smear-examination | Status: 200 | Elapsed: 0.13s | Delay: 3s
2026-10-03 03:05:21,401 - INFO - Requested https://www.metropolisindia.com/parameter/beta-thallesemia-prenatal-amniotic-fluid | Status: 200 | Elapsed: 0.14s | Delay: 3s
2026-10-03 03:05:24,971 - INFO - Requested https://www.metropolisindia.com/parameter/cmv-quantitative-viral-load-by-real-time-pcr-plasma | Status: 200 | Elapsed: 0.20s | Delay: 3s
2026-10-03 03:05:28,563 - INFO - Requested https://www.metropolisindia.com/parameter/lhfsh-ratio | Status: 200 | Elapsed: 0.15s | Delay: 3s
2026-10-03 03:05:32,099 - INFO - Requested https://www.metropolisindia.com/parameter/culture-sensitivity-aerobic-bacteria-other-samples | Status: 200 | Elapsed: 0.14s | Delay: 3s
2026-10-03 03:05:35,399 - INFO - Requested https://www.metropolisindia.com/parameter/aceangiotensin-converting-enzymeserum | Status: 200 | Elapsed: 0.13s | Delay: 3s
2026-10-03 03:05:38,688 - INFO - Requested https://www.metropolisindia.com/parameter/igg-subclass-2igg2-serum-by-nephelometry | Status: 200 | Elapsed: 0.15s | Delay: 3s
2026-10-03 03:05:41,983 - INFO - Requested https://www.metropolisindia.com/parameter/endomysial-antibody-igg-antibody | Status: 200 | Elapsed: 0.13s | Delay: 3s
2026-10-03 03:05:45,254 - INFO - Requested https://www.metropolisindia.com/parameter/allergenindividual-foodcoffee | Status: 200 | Elapsed: 0.13s | Delay: 3s
2026-10-03 03:05:48,585 - INFO - Requested https://www.metropolisindia.com/parameter/cancer-marker-profile-neuroendocrine-tumors | Status: 200 | Elapsed: 0.14s | Delay: 3s
2026-10-03 03:05:51,857 - INFO - Requested https://www.metropolisindia.com/parameter/rheumatoid-factor-test | Status: 200 | Elapsed: 0.15s | Delay: 3s
2026-10-03 03:05:55,134 - INFO - Requested https://www.metropolisindia.com/parameter/hepatitis-delta-virushdvanti-hdv-total-antibodyserum | Status: 200 | Elapsed: 0.13s | Delay: 3s
2026-10-03 03:05:58,420 - INFO - Requested https://www.metropolisindia.com/parameter/hdv-hepatitis-delta-rna-detection-by-pcr-plasma | Status: 200 | Elapsed: 0.14s | Delay: 3s
2026-10-03 03:06:01,827 - INFO - Requested https://www.metropolisindia.com/parameter/karyotyping-reflex-fish-131821xy-amnioticfluid | Status: 200 | Elapsed: 0.23s | Delay: 3s
2026-10-03 03:06:05,233 - INFO - Requested https://www.metropolisindia.com/parameter/cardiac-risk-profile | Status: 200 | Elapsed: 0.21s | Delay: 3s
2026-10-03 03:06:08,499 - INFO - Requested https://www.metropolisindia.com/parameter/17p-deletion-by-fish-p53-mm-cll-blood | Status: 200 | Elapsed: 0.14s | Delay: 3s
2026-10-03 03:06:11,769 - INFO - Requested https://www.metropolisindia.com/parameter/catecholamines | Status: 200 | Elapsed: 0.14s | Delay: 3s
2026-10-03 03:06:15,035 - INFO - Requested https://www.metropolisindia.com/parameter/protein-electrophoresis-test | Status: 200 | Elapsed: 0.15s | Delay: 3s
2026-10-03 03:06:18,380 - INFO - Requested https://www.metropolisindia.com/parameter/wbc-total-differential-counts | Status: 200 | Elapsed: 0.13s | Delay: 3s
2026-10-03 03:06:21,674 - INFO - Requested https://www.metropolisindia.com/parameter/bordetella-pertussisigg-antibodies-quantitativeserum | Status: 200 | Elapsed: 0.13s | Delay: 3s
2026-10-03 03:06:24,974 - INFO - Requested https://www.metropolisindia.com/parameter/dengue-rna-detection-by-real-time-pcr-serum | Status: 200 | Elapsed: 0.13s | Delay: 3s
2026-10-03 03:06:28,266 - INFO - Requested https://www.metropolisindia.com/parameter/widal-test-for-typhoid-serum | Status: 200 | Elapsed: 0.16s | Delay: 3s
2026-10-03 03:06:31,863 - INFO - Requested https://www.metropolisindia.com/parameter/prolactin | Status: 200 | Elapsed: 0.13s | Delay: 3s
2026-10-03 03:06:35,412 - INFO - Requested https://www.metropolisindia.com/parameter/triglyceridesbiochemicalbody-fluid | Status: 200 | Elapsed: 0.21s | Delay: 3s
2026-10-03 03:06:35,412 - INFO - --- PROGRESS REPORT --- Reqs(200): 385 | 404s: 65 | Packages: 60 | Profiles: 74 | Tests: 376 | 429s: 0 | Retries: 0 | Errors: 0 | Delay: 3s | Remaining: 1133
2026-10-03 03:06:39,022 - INFO - Requested https://www.metropolisindia.com/parameter/leishmania-donovani-ld-bodies-detection | Status: 200 | Elapsed: 0.19s | Delay: 3s
2026-10-03 03:06:42,503 - INFO - Requested https://www.metropolisindia.com/parameter/palmitoyl-protein-thioesterase1 | Status: 200 | Elapsed: 0.14s | Delay: 3s
2026-10-03 03:06:46,134 - INFO - Requested https://www.metropolisindia.com/parameter/clotting-time-c0130 | Status: 200 | Elapsed: 0.13s | Delay: 3s
2026-10-03 03:06:49,666 - INFO - Requested https://www.metropolisindia.com/parameter/platelet-countthrombocyte-countblood | Status: 200 | Elapsed: 0.15s | Delay: 3s
2026-10-03 03:06:53,183 - INFO - Requested https://www.metropolisindia.com/parameter/npm1-mutations-aml | Status: 200 | Elapsed: 0.14s | Delay: 3s
2026-10-03 03:06:56,695 - INFO - Requested https://www.metropolisindia.com/parameter/msud-maple-syrup-urine-disorder-neonatal-screen-blood | Status: 200 | Elapsed: 0.15s | Delay: 3s
2026-10-03 03:07:00,251 - INFO - Requested https://www.metropolisindia.com/parameter/centromere-antibodyserum | Status: 200 | Elapsed: 0.14s | Delay: 3s
2026-10-03 03:07:03,897 - INFO - Requested https://www.metropolisindia.com/parameter/dual-marker-test | Status: 200 | Elapsed: 0.14s | Delay: 3s
2026-10-03 03:07:07,339 - INFO - Requested https://www.metropolisindia.com/parameter/amphetamine-quantitative-urine-spot | Status: 200 | Elapsed: 0.13s | Delay: 3s
2026-10-03 03:07:10,914 - INFO - Requested https://www.metropolisindia.com/parameter/bladder-cancer-urothelial-carcinoma-marker-profile-urine | Status: 200 | Elapsed: 0.14s | Delay: 3s
2026-10-03 03:07:14,393 - INFO - Requested https://www.metropolisindia.com/parameter/clinical-exome-panel | Status: 404 | Elapsed: 0.12s | Delay: 3s
2026-10-03 03:07:14,393 - WARNING - HTTP 404 Not Found on https://www.metropolisindia.com/parameter/clinical-exome-panel. Skipping permanently.
2026-10-03 03:07:17,667 - INFO - Requested https://www.metropolisindia.com/parameter/sars-cov2-antibody-quantitative | Status: 200 | Elapsed: 0.27s | Delay: 3s
2026-10-03 03:07:20,935 - INFO - Requested https://www.metropolisindia.com/parameter/apolipoproteins-e | Status: 200 | Elapsed: 0.13s | Delay: 3s
2026-10-03 03:07:24,231 - INFO - Requested https://www.metropolisindia.com/parameter/brucella-total-antibodies-serum | Status: 200 | Elapsed: 0.13s | Delay: 3s
2026-10-03 03:07:27,501 - INFO - Requested https://www.metropolisindia.com/parameter/adenovirus-dna-detection-by-pcr-eye-swab | Status: 200 | Elapsed: 0.14s | Delay: 3s
2026-10-03 03:07:30,772 - INFO - Requested https://www.metropolisindia.com/parameter/inhibin-beiaserum | Status: 200 | Elapsed: 0.14s | Delay: 3s
2026-10-03 03:07:34,047 - INFO - Requested https://www.metropolisindia.com/parameter/c3nephrotic-factor | Status: 200 | Elapsed: 0.15s | Delay: 3s
2026-10-03 03:07:37,538 - INFO - Requested https://www.metropolisindia.com/parameter/pth-intact-molecule-test | Status: 200 | Elapsed: 0.14s | Delay: 3s
2026-10-03 03:07:41,060 - INFO - Requested https://www.metropolisindia.com/parameter/factor-v-level | Status: 200 | Elapsed: 0.13s | Delay: 3s
2026-10-03 03:07:44,460 - INFO - Requested https://www.metropolisindia.com/parameter/connexin-26-mutations-c0249 | Status: 200 | Elapsed: 0.13s | Delay: 3s
2026-10-03 03:07:47,947 - INFO - Requested https://www.metropolisindia.com/parameter/cobalt-icpms-urine-24h | Status: 200 | Elapsed: 0.13s | Delay: 3s
2026-10-03 03:07:51,584 - INFO - Requested https://www.metropolisindia.com/parameter/neuronal-antibody-profile | Status: 200 | Elapsed: 0.14s | Delay: 3s
2026-10-03 03:07:55,106 - INFO - Requested https://www.metropolisindia.com/parameter/helicobacter-pylori-antigen-detection-stool | Status: 200 | Elapsed: 0.14s | Delay: 3s
2026-10-03 03:07:58,562 - INFO - Requested https://www.metropolisindia.com/parameter/medullary-thyroid-carinoma-mutation-detection-sequencing-method-blood | Status: 200 | Elapsed: 0.14s | Delay: 3s
2026-10-03 03:08:02,194 - INFO - Requested https://www.metropolisindia.com/parameter/ihc-single-marker-with-reporting-dog-1 | Status: 200 | Elapsed: 0.20s | Delay: 3s
2026-10-03 03:08:02,194 - INFO - --- PROGRESS REPORT --- Reqs(200): 409 | 404s: 66 | Packages: 60 | Profiles: 74 | Tests: 401 | 429s: 0 | Retries: 0 | Errors: 0 | Delay: 3s | Remaining: 1109
2026-10-03 03:08:05,549 - INFO - Requested https://www.metropolisindia.com/parameter/interleukin-6clia-serum-test | Status: 200 | Elapsed: 0.14s | Delay: 3s
2026-10-03 03:08:09,274 - INFO - Requested https://www.metropolisindia.com/parameter/celiac-disease-profile | Status: 200 | Elapsed: 0.14s | Delay: 3s
2026-10-03 03:08:12,723 - INFO - Requested https://www.metropolisindia.com/parameter/drugs-of-abuse-panel-6-drug-panel | Status: 200 | Elapsed: 0.13s | Delay: 3s
2026-10-03 03:08:15,997 - INFO - Requested https://www.metropolisindia.com/parameter/desmoglein-iii-antibodyvesiculobullous-disordersserum | Status: 200 | Elapsed: 0.13s | Delay: 3s
2026-10-03 03:08:19,290 - INFO - Requested https://www.metropolisindia.com/parameter/beta-2-microglobulincliaurine-spot | Status: 200 | Elapsed: 0.13s | Delay: 3s
2026-10-03 03:08:22,628 - INFO - Requested https://www.metropolisindia.com/parameter/measles-rubeola-virusigg-antibodyserum | Status: 200 | Elapsed: 0.13s | Delay: 3s
2026-10-03 03:08:26,119 - INFO - Requested https://www.metropolisindia.com/parameter/bullous-pemphigoid-230-vesiculobullous-disorders-serum | Status: 200 | Elapsed: 0.16s | Delay: 3s
2026-10-03 03:08:29,670 - INFO - Requested https://www.metropolisindia.com/parameter/adaadenosine-deaminasepedicardial-fluid | Status: 200 | Elapsed: 0.13s | Delay: 3s
2026-10-03 03:08:33,162 - INFO - Requested https://www.metropolisindia.com/parameter/barbiturates-quantitative-urine-spot | Status: 200 | Elapsed: 0.14s | Delay: 3s
2026-10-03 03:08:36,594 - INFO - Requested https://www.metropolisindia.com/parameter/hypersensitive-pneumonitis-profile | Status: 200 | Elapsed: 0.15s | Delay: 3s
2026-10-03 03:08:40,229 - INFO - Requested https://www.metropolisindia.com/parameter/esr-test | Status: 200 | Elapsed: 0.14s | Delay: 3s
2026-10-03 03:08:43,853 - INFO - Requested https://www.metropolisindia.com/parameter/gastrointestinal-panel-by-filmarray | Status: 200 | Elapsed: 0.13s | Delay: 3s
2026-10-03 03:08:47,324 - INFO - Requested https://www.metropolisindia.com/parameter/culture-sensitivity-aerobic-bacteria-blood-1-aerobic-1-anaerobic | Status: 200 | Elapsed: 0.14s | Delay: 3s
2026-10-03 03:08:50,781 - INFO - Requested https://www.metropolisindia.com/parameter/campylobacter-antigen-detection-stool | Status: 200 | Elapsed: 0.13s | Delay: 3s
2026-10-03 03:08:54,443 - INFO - Requested https://www.metropolisindia.com/parameter/ihc-single-marker-with-reporting-c4d | Status: 200 | Elapsed: 0.14s | Delay: 3s
2026-10-03 03:08:58,102 - INFO - Requested https://www.metropolisindia.com/parameter/ttg-antibody-igatissue-transglutaminaseceliac-diseaseserum | Status: 200 | Elapsed: 0.20s | Delay: 3s
2026-10-03 03:09:01,645 - INFO - Requested https://www.metropolisindia.com/parameter/barium-spot-urine | Status: 200 | Elapsed: 0.14s | Delay: 3s
2026-10-03 03:09:05,147 - INFO - Requested https://www.metropolisindia.com/parameter/autoimmune-encephalitis-panel-csf | Status: 200 | Elapsed: 0.14s | Delay: 3s
2026-10-03 03:09:08,815 - INFO - Requested https://www.metropolisindia.com/parameter/pdl1-sp263-by-ihc-ventana | Status: 200 | Elapsed: 0.13s | Delay: 3s
2026-10-03 03:09:12,330 - INFO - Requested https://www.metropolisindia.com/parameter/nt-pro-bnp-serum | Status: 200 | Elapsed: 0.13s | Delay: 3s
2026-10-03 03:09:15,923 - INFO - Requested https://www.metropolisindia.com/parameter/carnitine-free-and-total-plasma | Status: 200 | Elapsed: 0.14s | Delay: 3s
2026-10-03 03:09:19,418 - INFO - Requested https://www.metropolisindia.com/parameter/allergenindividual-dust-house-dust-hollistier | Status: 200 | Elapsed: 0.13s | Delay: 3s
2026-10-03 03:09:22,917 - INFO - Requested https://www.metropolisindia.com/parameter/amylase-enzymatic-serum | Status: 200 | Elapsed: 0.13s | Delay: 3s
2026-10-03 03:09:26,607 - INFO - Requested https://www.metropolisindia.com/parameter/allergy-screening | Status: 200 | Elapsed: 0.14s | Delay: 3s
2026-10-03 03:09:30,211 - INFO - Requested https://www.metropolisindia.com/parameter/hepatitis-b-virus-hbv-hbsag-quantitative-surface-antigen | Status: 200 | Elapsed: 0.13s | Delay: 3s
2026-10-03 03:09:30,211 - INFO - --- PROGRESS REPORT --- Reqs(200): 434 | 404s: 66 | Packages: 60 | Profiles: 74 | Tests: 426 | 429s: 0 | Retries: 0 | Errors: 0 | Delay: 3s | Remaining: 1084
2026-10-03 03:09:33,780 - INFO - Requested https://www.metropolisindia.com/parameter/leukemia-mds-panel-by-fish | Status: 200 | Elapsed: 0.18s | Delay: 3s
2026-10-03 03:09:37,087 - INFO - Requested https://www.metropolisindia.com/parameter/fish-for-aneuploidy-in-poc-chromosomes-131821-xy | Status: 200 | Elapsed: 0.14s | Delay: 3s
2026-10-03 03:09:40,812 - INFO - Requested https://www.metropolisindia.com/parameter/hepatitis-b-virus-hbv-anti-hbcag-total-core-antigen-total | Status: 200 | Elapsed: 0.13s | Delay: 3s
2026-10-03 03:09:44,318 - INFO - Requested https://www.metropolisindia.com/parameter/growth-hormonehghserum | Status: 200 | Elapsed: 0.15s | Delay: 3s
2026-10-03 03:09:47,799 - INFO - Requested https://www.metropolisindia.com/parameter/bk-virus-quantitative-urine | Status: 200 | Elapsed: 0.14s | Delay: 3s
2026-10-03 03:09:51,246 - INFO - Requested https://www.metropolisindia.com/parameter/aldosterone-24h-urine | Status: 200 | Elapsed: 0.13s | Delay: 3s
2026-10-03 03:09:54,871 - INFO - Requested https://www.metropolisindia.com/parameter/leptospira-profile | Status: 200 | Elapsed: 0.15s | Delay: 3s
2026-10-03 03:09:58,294 - INFO - Requested https://www.metropolisindia.com/parameter/allergenindividual-foodchick-peakabuli-chana-cicer-arietinus | Status: 200 | Elapsed: 0.13s | Delay: 3s
2026-10-03 03:10:01,782 - INFO - Requested https://www.metropolisindia.com/parameter/oligoclonal-bandcsf | Status: 200 | Elapsed: 0.13s | Delay: 3s
2026-10-03 03:10:05,277 - INFO - Requested https://www.metropolisindia.com/parameter/levetiracetam-serum | Status: 200 | Elapsed: 0.13s | Delay: 3s
2026-10-03 03:10:08,765 - INFO - Requested https://www.metropolisindia.com/parameter/allergenindividual-micro-organismcladosporium-herbarumfungus | Status: 200 | Elapsed: 0.13s | Delay: 3s
2026-10-03 03:10:12,381 - INFO - Requested https://www.metropolisindia.com/parameter/potassium-urine-by-ise-p0080 | Status: 200 | Elapsed: 0.15s | Delay: 3s
2026-10-03 03:10:15,806 - INFO - Requested https://www.metropolisindia.com/parameter/kras-mutation-detection-ex2-3-ffpe-tissue | Status: 200 | Elapsed: 0.13s | Delay: 3s
2026-10-03 03:10:19,285 - INFO - Requested https://www.metropolisindia.com/parameter/porphyria-profile | Status: 200 | Elapsed: 0.14s | Delay: 3s
2026-10-03 03:10:22,814 - INFO - Requested https://www.metropolisindia.com/parameter/glucose-synovial-fluid | Status: 200 | Elapsed: 0.13s | Delay: 3s
2026-10-03 03:10:26,289 - INFO - Requested https://www.metropolisindia.com/parameter/mpl-w515s505-mutation-analysis-bone-marrow | Status: 200 | Elapsed: 0.14s | Delay: 3s
2026-10-03 03:10:29,879 - INFO - Requested https://www.metropolisindia.com/parameter/actinomycetes-culture-only-tissue | Status: 200 | Elapsed: 0.20s | Delay: 3s
2026-10-03 03:10:33,467 - INFO - Requested https://www.metropolisindia.com/parameter/proteins-urine-24h | Status: 200 | Elapsed: 0.16s | Delay: 3s
2026-10-03 03:10:36,879 - INFO - Requested https://www.metropolisindia.com/parameter/c1-esterase-inhibitorserum | Status: 200 | Elapsed: 0.13s | Delay: 3s
2026-10-03 03:10:40,336 - INFO - Requested https://www.metropolisindia.com/parameter/cadmium-icpms-blood | Status: 200 | Elapsed: 0.14s | Delay: 3s
2026-10-03 03:10:43,698 - INFO - Requested https://www.metropolisindia.com/parameter/alpha-thalassemia-by-pcr | Status: 200 | Elapsed: 0.15s | Delay: 3s
2026-10-03 03:10:47,019 - INFO - Requested https://www.metropolisindia.com/parameter/apolipoproteins-a1serum | Status: 200 | Elapsed: 0.15s | Delay: 3s
2026-10-03 03:10:50,340 - INFO - Requested https://www.metropolisindia.com/parameter/urea-urine-spot | Status: 200 | Elapsed: 0.13s | Delay: 3s
2026-10-03 03:10:53,598 - INFO - Requested https://www.metropolisindia.com/parameter/panfungal-dna-dna-detection-by-pcr-blood | Status: 200 | Elapsed: 0.13s | Delay: 3s
2026-10-03 03:10:57,034 - INFO - Requested https://www.metropolisindia.com/parameter/electrolytes-test | Status: 200 | Elapsed: 0.14s | Delay: 3s
2026-10-03 03:10:57,035 - INFO - --- PROGRESS REPORT --- Reqs(200): 459 | 404s: 66 | Packages: 60 | Profiles: 74 | Tests: 451 | 429s: 0 | Retries: 0 | Errors: 0 | Delay: 3s | Remaining: 1059
2026-10-03 03:11:00,443 - INFO - Requested https://www.metropolisindia.com/parameter/allergy-screeningphadiatop-infantfor-5-years | Status: 200 | Elapsed: 0.13s | Delay: 3s
2026-10-03 03:11:03,860 - INFO - Requested https://www.metropolisindia.com/parameter/gfr-with-creatinine | Status: 200 | Elapsed: 0.13s | Delay: 3s
2026-10-03 03:11:07,269 - INFO - Requested https://www.metropolisindia.com/parameter/g6pd-quantitative-reflex-qualitative | Status: 200 | Elapsed: 0.14s | Delay: 3s
2026-10-03 03:11:10,744 - INFO - Requested https://www.metropolisindia.com/parameter/mpa-mycophenolic-acid | Status: 200 | Elapsed: 0.13s | Delay: 3s
2026-10-03 03:11:14,214 - INFO - Requested https://www.metropolisindia.com/parameter/anti-gad-65-paraneoplastic-syndrome-serum | Status: 200 | Elapsed: 0.14s | Delay: 3s
2026-10-03 03:11:17,747 - INFO - Requested https://www.metropolisindia.com/parameter/everolimus-blood-by-lcms-method-e0039 | Status: 200 | Elapsed: 0.28s | Delay: 3s
2026-10-03 03:11:21,343 - INFO - Requested https://www.metropolisindia.com/parameter/cystic-fibrosisirt-neonatal-screendried-blood-spot | Status: 200 | Elapsed: 0.27s | Delay: 3s
2026-10-03 03:11:24,734 - INFO - Requested https://www.metropolisindia.com/parameter/hla-single-antigen-bead-assay-class-ii-luminex | Status: 200 | Elapsed: 0.13s | Delay: 3s
2026-10-03 03:11:28,182 - INFO - Requested https://www.metropolisindia.com/parameter/hiv-1-coreceptor-tropism-genotypic | Status: 200 | Elapsed: 0.13s | Delay: 3s
2026-10-03 03:11:31,476 - INFO - Requested https://www.metropolisindia.com/parameter/n-acetyl-glucosamine-6-sulphate-sulphatase-blood | Status: 200 | Elapsed: 0.14s | Delay: 3s
2026-10-03 03:11:34,863 - INFO - Requested https://www.metropolisindia.com/parameter/food-intolerance-test | Status: 200 | Elapsed: 0.14s | Delay: 3s
2026-10-03 03:11:38,358 - INFO - Requested https://www.metropolisindia.com/parameter/gfr-with-cystatin-c-serum | Status: 200 | Elapsed: 0.15s | Delay: 3s
2026-10-03 03:11:42,088 - INFO - Requested https://www.metropolisindia.com/parameter/chlamydia-trachomatisigg-antibodyserum | Status: 200 | Elapsed: 0.13s | Delay: 3s
2026-10-03 03:11:45,672 - INFO - Requested https://www.metropolisindia.com/parameter/mucopolysaccharides-urine-m0074 | Status: 200 | Elapsed: 0.13s | Delay: 3s
2026-10-03 03:11:49,204 - INFO - Requested https://www.metropolisindia.com/parameter/chylomicron-qualitative-body-fluid | Status: 200 | Elapsed: 0.13s | Delay: 3s
2026-10-03 03:11:52,699 - INFO - Requested https://www.metropolisindia.com/parameter/histamine-eia-plasma | Status: 200 | Elapsed: 0.14s | Delay: 3s
2026-10-03 03:11:56,361 - INFO - Requested https://www.metropolisindia.com/parameter/microalbuminbiochemicalurine-24h | Status: 200 | Elapsed: 0.29s | Delay: 3s
2026-10-03 03:12:00,144 - INFO - Requested https://www.metropolisindia.com/parameter/natural-killer-cells | Status: 200 | Elapsed: 0.14s | Delay: 3s
2026-10-03 03:12:03,669 - INFO - Requested https://www.metropolisindia.com/parameter/beta-2-glycoprotein-1-iga-serum-b0027 | Status: 200 | Elapsed: 0.14s | Delay: 3s
2026-10-03 03:12:07,111 - INFO - Requested https://www.metropolisindia.com/parameter/zinc-transporter-8-znt8-antibody | Status: 200 | Elapsed: 0.14s | Delay: 3s
2026-10-03 03:12:10,675 - INFO - Requested https://www.metropolisindia.com/parameter/alcoholethanolserum | Status: 200 | Elapsed: 0.16s | Delay: 3s
2026-10-03 03:12:14,442 - INFO - Requested https://www.metropolisindia.com/parameter/urine-microalbumin-creatinine-ratio | Status: 200 | Elapsed: 0.14s | Delay: 3s
2026-10-03 03:12:17,995 - INFO - Requested https://www.metropolisindia.com/parameter/rubella-german-measles-virus-igg-antibody-serum | Status: 200 | Elapsed: 0.14s | Delay: 3s
2026-10-03 03:12:21,486 - INFO - Requested https://www.metropolisindia.com/parameter/covirisk-tbnk-by-flow-cytometry | Status: 200 | Elapsed: 0.14s | Delay: 3s
2026-10-03 03:12:25,021 - INFO - Requested https://www.metropolisindia.com/parameter/beta-2-crosslapsctx-1plasma | Status: 200 | Elapsed: 0.13s | Delay: 3s
2026-10-03 03:12:25,021 - INFO - --- PROGRESS REPORT --- Reqs(200): 484 | 404s: 66 | Packages: 60 | Profiles: 74 | Tests: 476 | 429s: 0 | Retries: 0 | Errors: 0 | Delay: 3s | Remaining: 1034
2026-10-03 03:12:28,599 - INFO - Requested https://www.metropolisindia.com/parameter/fungal-stain-other-samples | Status: 200 | Elapsed: 0.14s | Delay: 3s
2026-10-03 03:12:32,065 - INFO - Requested https://www.metropolisindia.com/parameter/glucose-plasma75-gms | Status: 200 | Elapsed: 0.13s | Delay: 3s
2026-10-03 03:12:35,571 - INFO - Requested https://www.metropolisindia.com/parameter/food-intolerance-vegetarian-panel | Status: 200 | Elapsed: 0.14s | Delay: 3s
2026-10-03 03:12:39,110 - INFO - Requested https://www.metropolisindia.com/parameter/amphiphysin-antibodyneuronal-ag-in-paraneoplastic-syndromeserum | Status: 200 | Elapsed: 0.14s | Delay: 3s
2026-10-03 03:12:42,575 - INFO - Requested https://www.metropolisindia.com/parameter/bcr-abl1-mutation-analysis | Status: 200 | Elapsed: 0.16s | Delay: 3s
2026-10-03 03:12:46,275 - INFO - Requested https://www.metropolisindia.com/parameter/alps-screen-panel-by-flow-cytometry | Status: 200 | Elapsed: 0.16s | Delay: 3s
2026-10-03 03:12:49,697 - INFO - Requested https://www.metropolisindia.com/parameter/aluminium-spot-urine-by-icpms | Status: 200 | Elapsed: 0.12s | Delay: 3s
2026-10-03 03:12:53,309 - INFO - Requested https://www.metropolisindia.com/parameter/igg4-sub-class-serum-immunoglobulins-test | Status: 200 | Elapsed: 0.14s | Delay: 3s
2026-10-03 03:12:56,799 - INFO - Requested https://www.metropolisindia.com/parameter/psa-free-prostate-specific-antigen-serum | Status: 200 | Elapsed: 0.13s | Delay: 3s
2026-10-03 03:13:00,510 - INFO - Requested https://www.metropolisindia.com/parameter/methionine-quantitative-plasma | Status: 200 | Elapsed: 0.15s | Delay: 3s
2026-10-03 03:13:04,058 - INFO - Requested https://www.metropolisindia.com/parameter/leukemia-acute-leukemia-panel-bone-marrow | Status: 200 | Elapsed: 0.16s | Delay: 3s
2026-10-03 03:13:07,549 - INFO - Requested https://www.metropolisindia.com/parameter/allergenindividual-dusthouse-dust-greer-labs | Status: 200 | Elapsed: 0.14s | Delay: 3s
2026-10-03 03:13:11,225 - INFO - Requested https://www.metropolisindia.com/parameter/multiple-sclerosis-profile-mini | Status: 200 | Elapsed: 0.13s | Delay: 3s
2026-10-03 03:13:14,725 - INFO - Requested https://www.metropolisindia.com/parameter/fungal-stain-ear-sample | Status: 200 | Elapsed: 0.15s | Delay: 3s
2026-10-03 03:13:18,238 - INFO - Requested https://www.metropolisindia.com/parameter/hav-hepatitis-a-virus-rna-detection-by-pcr-blood | Status: 200 | Elapsed: 0.14s | Delay: 3s
2026-10-03 03:13:21,854 - INFO - Requested https://www.metropolisindia.com/parameter/immature-platelet-fraction | Status: 200 | Elapsed: 0.15s | Delay: 3s
2026-10-03 03:13:25,363 - INFO - Requested https://www.metropolisindia.com/parameter/bilirubin-total-direct-and-indirect-test | Status: 200 | Elapsed: 0.19s | Delay: 3s
2026-10-03 03:13:29,085 - INFO - Requested https://www.metropolisindia.com/parameter/ra-iga-rheumatoid-arthritis-serum | Status: 200 | Elapsed: 0.15s | Delay: 3s
2026-10-03 03:13:32,469 - INFO - Requested https://www.metropolisindia.com/parameter/beta-2-glycoprotein-iigm-antibodyserum | Status: 200 | Elapsed: 0.14s | Delay: 3s
2026-10-03 03:13:36,062 - INFO - Requested https://www.metropolisindia.com/parameter/ihc-single-marker-with-reporting-cd30 | Status: 200 | Elapsed: 0.15s | Delay: 3s
2026-10-03 03:13:39,541 - INFO - Requested https://www.metropolisindia.com/parameter/dlbcl-panel | Status: 200 | Elapsed: 0.13s | Delay: 3s
2026-10-03 03:13:42,971 - INFO - Requested https://www.metropolisindia.com/parameter/allergy-panel-eczema-comprehensive-veg-non-veg | Status: 200 | Elapsed: 0.14s | Delay: 3s
2026-10-03 03:13:46,427 - INFO - Requested https://www.metropolisindia.com/parameter/free-t4 | Status: 200 | Elapsed: 0.14s | Delay: 3s
2026-10-03 03:13:50,157 - INFO - Requested https://www.metropolisindia.com/parameter/lysine-quantitative-serum | Status: 200 | Elapsed: 0.12s | Delay: 3s
2026-10-03 03:13:53,655 - INFO - Requested https://www.metropolisindia.com/parameter/gamma-ggt-test | Status: 200 | Elapsed: 0.17s | Delay: 3s
2026-10-03 03:13:53,655 - INFO - --- PROGRESS REPORT --- Reqs(200): 509 | 404s: 66 | Packages: 60 | Profiles: 74 | Tests: 501 | 429s: 0 | Retries: 0 | Errors: 0 | Delay: 3s | Remaining: 1009
2026-10-03 03:13:57,139 - INFO - Requested https://www.metropolisindia.com/parameter/ihc-stain-only-cd7 | Status: 200 | Elapsed: 0.13s | Delay: 3s
2026-10-03 03:14:00,641 - INFO - Requested https://www.metropolisindia.com/parameter/afb-rapid-culture-by-bactec-mgit-bal-other-respiratory-samples | Status: 200 | Elapsed: 0.14s | Delay: 3s
2026-10-03 03:14:04,357 - INFO - Requested https://www.metropolisindia.com/parameter/gbm-antibodyglomerular-basement-membraneserum | Status: 200 | Elapsed: 0.16s | Delay: 3s
2026-10-03 03:14:07,940 - INFO - Requested https://www.metropolisindia.com/parameter/chimerism-post-transplant | Status: 200 | Elapsed: 0.13s | Delay: 3s
2026-10-03 03:14:11,451 - INFO - Requested https://www.metropolisindia.com/parameter/psa-with-free-psa-ratio | Status: 200 | Elapsed: 0.14s | Delay: 3s
2026-10-03 03:14:14,899 - INFO - Requested https://www.metropolisindia.com/parameter/proteins-pleuralfluid | Status: 200 | Elapsed: 0.17s | Delay: 3s
2026-10-03 03:14:18,475 - INFO - Requested https://www.metropolisindia.com/parameter/allergy-trees-pollen-panel | Status: 200 | Elapsed: 0.15s | Delay: 3s
2026-10-03 03:14:22,139 - INFO - Requested https://www.metropolisindia.com/parameter/amino-levulinic-acid-ala-urine-spot-a0425 | Status: 200 | Elapsed: 0.14s | Delay: 3s
2026-10-03 03:14:25,553 - INFO - Requested https://www.metropolisindia.com/parameter/leptospira-detection-by-smear-examination-blood | Status: 200 | Elapsed: 0.14s | Delay: 3s
2026-10-03 03:14:29,107 - INFO - Requested https://www.metropolisindia.com/parameter/biotinidase-quantitative-serum | Status: 200 | Elapsed: 0.15s | Delay: 3s
2026-10-03 03:14:32,630 - INFO - Requested https://www.metropolisindia.com/parameter/gfr-with-creatinine-adult-above-18-years | Status: 200 | Elapsed: 0.13s | Delay: 3s
2026-10-03 03:14:36,378 - INFO - Requested https://www.metropolisindia.com/parameter/cmv-dna-viral-load-by-real-time-pcr | Status: 200 | Elapsed: 0.13s | Delay: 3s
2026-10-03 03:14:39,934 - INFO - Requested https://www.metropolisindia.com/parameter/truhealth-cardio-geneix | Status: 200 | Elapsed: 0.13s | Delay: 3s
2026-10-03 03:14:43,394 - INFO - Requested https://www.metropolisindia.com/parameter/homa-index-insulin-resistance-test | Status: 200 | Elapsed: 0.15s | Delay: 3s
2026-10-03 03:14:46,896 - INFO - Requested https://www.metropolisindia.com/parameter/jev-japnese-encephalitis-virus-rna-detection-by-pcr-serum | Status: 200 | Elapsed: 0.14s | Delay: 3s
2026-10-03 03:14:50,366 - INFO - Requested https://www.metropolisindia.com/parameter/gfr-with-creatinine-upto-18-years | Status: 200 | Elapsed: 0.13s | Delay: 3s
2026-10-03 03:14:53,801 - INFO - Requested https://www.metropolisindia.com/parameter/ihc-single-marker-with-reporting-ca-199 | Status: 200 | Elapsed: 0.15s | Delay: 3s
2026-10-03 03:14:57,302 - INFO - Requested https://www.metropolisindia.com/parameter/culture-sensitivity-aerobic-bacteria-central-line-catheter-tip | Status: 200 | Elapsed: 0.13s | Delay: 3s
2026-10-03 03:15:00,877 - INFO - Requested https://www.metropolisindia.com/parameter/phenylalanine-quantitative-spot-urine | Status: 200 | Elapsed: 0.15s | Delay: 3s
2026-10-03 03:15:04,398 - INFO - Requested https://www.metropolisindia.com/parameter/routine-examination-sputum | Status: 200 | Elapsed: 0.13s | Delay: 3s
2026-10-03 03:15:07,906 - INFO - Requested https://www.metropolisindia.com/parameter/anti-nuclear-antibody-ana-blot-18-antigens-test | Status: 200 | Elapsed: 0.19s | Delay: 3s
2026-10-03 03:15:11,446 - INFO - Requested https://www.metropolisindia.com/parameter/creatinine-clearance-test | Status: 200 | Elapsed: 0.22s | Delay: 3s
2026-10-03 03:15:14,896 - INFO - Requested https://www.metropolisindia.com/parameter/thrombophilia-profile-mini | Status: 200 | Elapsed: 0.14s | Delay: 3s
2026-10-03 03:15:18,359 - INFO - Requested https://www.metropolisindia.com/parameter/hdv-igm-antibody | Status: 200 | Elapsed: 0.13s | Delay: 3s
2026-10-03 03:15:21,948 - INFO - Requested https://www.metropolisindia.com/parameter/bcr-abl-breakpoint-analysisqualitative-pcr | Status: 200 | Elapsed: 0.13s | Delay: 3s
2026-10-03 03:15:21,948 - INFO - --- PROGRESS REPORT --- Reqs(200): 534 | 404s: 66 | Packages: 60 | Profiles: 74 | Tests: 526 | 429s: 0 | Retries: 0 | Errors: 0 | Delay: 3s | Remaining: 984
2026-10-03 03:15:25,376 - INFO - Requested https://www.metropolisindia.com/parameter/nor-metanephrine-freeelisaplasma | Status: 200 | Elapsed: 0.14s | Delay: 3s
2026-10-03 03:15:29,008 - INFO - Requested https://www.metropolisindia.com/parameter/phstool | Status: 200 | Elapsed: 0.13s | Delay: 3s
2026-10-03 03:15:32,597 - INFO - Requested https://www.metropolisindia.com/parameter/adaadenosine-deaminasecsf | Status: 200 | Elapsed: 0.14s | Delay: 3s
2026-10-03 03:15:36,203 - INFO - Requested https://www.metropolisindia.com/parameter/hemochromatosis-hfe-mutations-analysis-c282y-h63d | Status: 200 | Elapsed: 0.14s | Delay: 3s
2026-10-03 03:15:39,544 - INFO - Requested https://www.metropolisindia.com/parameter/alpha-n-acetyl-galactosaminidase-schindler-disease-blood | Status: 200 | Elapsed: 0.13s | Delay: 3s
2026-10-03 03:15:42,937 - INFO - Requested https://www.metropolisindia.com/parameter/lung-marker-profile | Status: 200 | Elapsed: 0.13s | Delay: 3s
2026-10-03 03:15:46,759 - INFO - Requested https://www.metropolisindia.com/parameter/ca-153-cmia-serum | Status: 200 | Elapsed: 0.48s | Delay: 3s
2026-10-03 03:15:50,423 - INFO - Requested https://www.metropolisindia.com/parameter/drugs-of-abuse-panel-9-drug | Status: 200 | Elapsed: 0.13s | Delay: 3s
2026-10-03 03:15:54,222 - INFO - Requested https://www.metropolisindia.com/parameter/peripheral-smear-examination | Status: 200 | Elapsed: 0.13s | Delay: 3s
2026-10-03 03:15:57,710 - INFO - Requested https://www.metropolisindia.com/parameter/afb-rapid-culture-by-bactec-mgit-body-fluid | Status: 200 | Elapsed: 0.12s | Delay: 3s
2026-10-03 03:16:01,210 - INFO - Requested https://www.metropolisindia.com/parameter/ceruloplasmincopper-oxidaseserum | Status: 200 | Elapsed: 0.13s | Delay: 3s
2026-10-03 03:16:04,615 - INFO - Requested https://www.metropolisindia.com/parameter/anti-mag-myelin-associated-glycoprotein-ab-m0001 | Status: 200 | Elapsed: 0.12s | Delay: 3s
2026-10-03 03:16:08,347 - INFO - Requested https://www.metropolisindia.com/parameter/ihc-single-marker-with-reporting-cd34 | Status: 200 | Elapsed: 0.13s | Delay: 3s
2026-10-03 03:16:11,775 - INFO - Requested https://www.metropolisindia.com/parameter/tsh-ultrasensitive | Status: 200 | Elapsed: 0.14s | Delay: 3s
2026-10-03 03:16:15,233 - INFO - Requested https://www.metropolisindia.com/parameter/fungal-stain-culture-and-identification-urine | Status: 200 | Elapsed: 0.13s | Delay: 3s
2026-10-03 03:16:18,603 - INFO - Requested https://www.metropolisindia.com/parameter/apa-iga-phospholipid-antibody-serum | Status: 200 | Elapsed: 0.13s | Delay: 3s
2026-10-03 03:16:22,203 - INFO - Requested https://www.metropolisindia.com/parameter/voriconazole-v0032 | Status: 200 | Elapsed: 0.17s | Delay: 3s
2026-10-03 03:16:25,829 - INFO - Requested https://www.metropolisindia.com/parameter/urobilinogen-urine | Status: 200 | Elapsed: 0.14s | Delay: 3s
2026-10-03 03:16:29,288 - INFO - Requested https://www.metropolisindia.com/parameter/hcg-beta-subunit-test | Status: 200 | Elapsed: 0.13s | Delay: 3s
2026-10-03 03:16:32,701 - INFO - Requested https://www.metropolisindia.com/parameter/hepatitis-a-virus-hav-igm-antibody-serum | Status: 200 | Elapsed: 0.13s | Delay: 3s
2026-10-03 03:16:36,160 - INFO - Requested https://www.metropolisindia.com/parameter/amylase-enzymatic-urine-24h | Status: 200 | Elapsed: 0.14s | Delay: 3s
2026-10-03 03:16:39,527 - INFO - Requested https://www.metropolisindia.com/parameter/beryllium-edta-whole-blood | Status: 404 | Elapsed: 0.08s | Delay: 3s
2026-10-03 03:16:39,527 - WARNING - HTTP 404 Not Found on https://www.metropolisindia.com/parameter/beryllium-edta-whole-blood. Skipping permanently.
2026-10-03 03:16:42,656 - INFO - Requested https://www.metropolisindia.com/parameter/acid-phosphatasetotalserum | Status: 200 | Elapsed: 0.13s | Delay: 3s
2026-10-03 03:16:46,034 - INFO - Requested https://www.metropolisindia.com/parameter/specific-gravity-urine | Status: 200 | Elapsed: 0.13s | Delay: 3s
2026-10-03 03:16:49,360 - INFO - Requested https://www.metropolisindia.com/parameter/fungal-stain-bal-et-secretion-respiratory-sample | Status: 200 | Elapsed: 0.12s | Delay: 3s
2026-10-03 03:16:49,360 - INFO - --- PROGRESS REPORT --- Reqs(200): 558 | 404s: 67 | Packages: 60 | Profiles: 74 | Tests: 551 | 429s: 0 | Retries: 0 | Errors: 0 | Delay: 3s | Remaining: 960
2026-10-03 03:16:52,667 - INFO - Requested https://www.metropolisindia.com/parameter/phospholipid-profile-igm | Status: 200 | Elapsed: 0.13s | Delay: 3s
2026-10-03 03:16:56,149 - INFO - Requested https://www.metropolisindia.com/parameter/dna-double-strand-antibody-ncx-dna-serum | Status: 200 | Elapsed: 0.14s | Delay: 3s
2026-10-03 03:16:59,588 - INFO - Requested https://www.metropolisindia.com/parameter/rh-antibody | Status: 200 | Elapsed: 0.14s | Delay: 3s
2026-10-03 03:17:03,051 - INFO - Requested https://www.metropolisindia.com/parameter/cancer-marker-profile-thyroid-dtc | Status: 200 | Elapsed: 0.20s | Delay: 3s
2026-10-03 03:17:06,434 - INFO - Requested https://www.metropolisindia.com/parameter/leukemia-panel-by-fish-cll | Status: 200 | Elapsed: 0.15s | Delay: 3s
2026-10-03 03:17:09,890 - INFO - Requested https://www.metropolisindia.com/parameter/c4complement-4serum | Status: 200 | Elapsed: 0.13s | Delay: 3s
2026-10-03 03:17:13,294 - INFO - Requested https://www.metropolisindia.com/parameter/afb-antibiogram-for-mtb-complex-streptomycin | Status: 200 | Elapsed: 0.12s | Delay: 3s
2026-10-03 03:17:16,653 - INFO - Requested https://www.metropolisindia.com/parameter/galactose-6-sulphate-sulphatase-blood | Status: 200 | Elapsed: 0.13s | Delay: 3s
2026-10-03 03:17:20,086 - INFO - Requested https://www.metropolisindia.com/parameter/testosterone-free-test | Status: 200 | Elapsed: 0.13s | Delay: 3s
2026-10-03 03:17:23,475 - INFO - Requested https://www.metropolisindia.com/parameter/tnf-alphatumour-necrosis-factorserum | Status: 200 | Elapsed: 0.13s | Delay: 3s
2026-10-03 03:17:26,863 - INFO - Requested https://www.metropolisindia.com/parameter/allergenindividual-foodmuttonovis-spp | Status: 200 | Elapsed: 0.14s | Delay: 3s
2026-10-03 03:17:30,251 - INFO - Requested https://www.metropolisindia.com/parameter/urea-nitrogen-urine-spot | Status: 200 | Elapsed: 0.12s | Delay: 3s
2026-10-03 03:17:33,630 - INFO - Requested https://www.metropolisindia.com/parameter/chromium-by-icpms | Status: 200 | Elapsed: 0.13s | Delay: 3s
2026-10-03 03:17:37,019 - INFO - Requested https://www.metropolisindia.com/parameter/isoleucine-quantitative-serum | Status: 200 | Elapsed: 0.13s | Delay: 3s
2026-10-03 03:17:40,438 - INFO - Requested https://www.metropolisindia.com/parameter/cmvigg-igm-antibodyserum | Status: 200 | Elapsed: 0.18s | Delay: 3s
2026-10-03 03:17:43,909 - INFO - Requested https://www.metropolisindia.com/parameter/culture-sensitivity-aerobic-bacteria-vaginal-sample-includes-gr-b-strepto | Status: 200 | Elapsed: 0.23s | Delay: 3s
2026-10-03 03:17:47,332 - INFO - Requested https://www.metropolisindia.com/parameter/immature-reticulocyte-fraction | Status: 200 | Elapsed: 0.14s | Delay: 3s
2026-10-03 03:17:50,702 - INFO - Requested https://www.metropolisindia.com/parameter/urine-sugar-random | Status: 200 | Elapsed: 0.13s | Delay: 3s
2026-10-03 03:17:54,146 - INFO - Requested https://www.metropolisindia.com/parameter/neisseria-gonorrhoea-dna-detection-urethral-discha | Status: 200 | Elapsed: 0.13s | Delay: 3s
2026-10-03 03:17:57,578 - INFO - Requested https://www.metropolisindia.com/parameter/ihc-single-marker-with-reporting-chromogranin-a | Status: 200 | Elapsed: 0.13s | Delay: 3s
2026-10-03 03:18:00,985 - INFO - Requested https://www.metropolisindia.com/parameter/thyroid-antibodies-test | Status: 200 | Elapsed: 0.15s | Delay: 3s
2026-10-03 03:18:04,406 - INFO - Requested https://www.metropolisindia.com/parameter/nocardia-susceptibility | Status: 200 | Elapsed: 0.13s | Delay: 3s
2026-10-03 03:18:07,789 - INFO - Requested https://www.metropolisindia.com/parameter/igd-by-flow-cytometry-blood | Status: 200 | Elapsed: 0.13s | Delay: 3s
2026-10-03 03:18:11,312 - INFO - Requested https://www.metropolisindia.com/parameter/mycobacterial-culture-identification-by-maldi-tof | Status: 200 | Elapsed: 0.14s | Delay: 3s
2026-10-03 03:18:14,734 - INFO - Requested https://www.metropolisindia.com/parameter/spinocerebellar-ataxia-type-12-sca12-dna-test | Status: 200 | Elapsed: 0.13s | Delay: 3s
2026-10-03 03:18:14,735 - INFO - --- PROGRESS REPORT --- Reqs(200): 583 | 404s: 67 | Packages: 60 | Profiles: 74 | Tests: 576 | 429s: 0 | Retries: 0 | Errors: 0 | Delay: 3s | Remaining: 935
2026-10-03 03:18:18,074 - INFO - Requested https://www.metropolisindia.com/parameter/ihc-single-marker-with-reporting-cd15 | Status: 200 | Elapsed: 0.13s | Delay: 3s
2026-10-03 03:18:21,568 - INFO - Requested https://www.metropolisindia.com/parameter/allergenindividual-weed-pollen-saltwort-salsola-kali-pestifer-a0520 | Status: 200 | Elapsed: 0.20s | Delay: 3s
2026-10-03 03:18:24,957 - INFO - Requested https://www.metropolisindia.com/parameter/allergenindividual-grass-pollenjohnson-grassjowar-grass-sorghum-grass | Status: 200 | Elapsed: 0.13s | Delay: 3s
2026-10-03 03:18:28,380 - INFO - Requested https://www.metropolisindia.com/parameter/csf-index-csf-and-serum | Status: 200 | Elapsed: 0.13s | Delay: 3s
2026-10-03 03:18:31,845 - INFO - Requested https://www.metropolisindia.com/parameter/gene-panel-bone-marrow-failure-syndrome | Status: 200 | Elapsed: 0.13s | Delay: 3s
2026-10-03 03:18:35,243 - INFO - Requested https://www.metropolisindia.com/parameter/cmv-quantitative-viral-load-by-real-time-pcr | Status: 200 | Elapsed: 0.13s | Delay: 3s
2026-10-03 03:18:38,670 - INFO - Requested https://www.metropolisindia.com/parameter/factor-v-leiden-mutant-detection-g1691a-mutation-blood | Status: 200 | Elapsed: 0.13s | Delay: 3s
2026-10-03 03:18:42,162 - INFO - Requested https://www.metropolisindia.com/parameter/allergy-milk-milk-product-panel | Status: 200 | Elapsed: 0.14s | Delay: 3s
2026-10-03 03:18:45,464 - INFO - Requested https://www.metropolisindia.com/parameter/porphobilinogen-quantitative-urine-spot | Status: 200 | Elapsed: 0.12s | Delay: 3s
2026-10-03 03:18:48,910 - INFO - Requested https://www.metropolisindia.com/parameter/anti-c1q-antibodies | Status: 200 | Elapsed: 0.14s | Delay: 3s
2026-10-03 03:18:52,238 - INFO - Requested https://www.metropolisindia.com/parameter/fungal-stain-culture-and-identification-csf | Status: 200 | Elapsed: 0.13s | Delay: 3s
2026-10-03 03:18:55,620 - INFO - Requested https://www.metropolisindia.com/parameter/asca-igasaccharomyces-cerevisiaeserum | Status: 200 | Elapsed: 0.13s | Delay: 3s
2026-10-03 03:18:59,028 - INFO - Requested https://www.metropolisindia.com/parameter/glucose-120-min | Status: 200 | Elapsed: 0.13s | Delay: 3s
2026-10-03 03:19:02,453 - INFO - Requested https://www.metropolisindia.com/parameter/flow-for-b-all-mrd | Status: 200 | Elapsed: 0.14s | Delay: 3s
2026-10-03 03:19:05,853 - INFO - Requested https://www.metropolisindia.com/parameter/bunurea-nitrogenurine-24h | Status: 200 | Elapsed: 0.13s | Delay: 3s
2026-10-03 03:19:09,286 - INFO - Requested https://www.metropolisindia.com/parameter/transferrinserum | Status: 200 | Elapsed: 0.13s | Delay: 3s
2026-10-03 03:19:12,758 - INFO - Requested https://www.metropolisindia.com/parameter/iodine-serum-by-icp-ms-method | Status: 200 | Elapsed: 0.14s | Delay: 3s
2026-10-03 03:19:16,157 - INFO - Requested https://www.metropolisindia.com/parameter/afb-smear-examination-fluorescent-stain-tissue-and-biopsy-mi-ba-fm | Status: 200 | Elapsed: 0.13s | Delay: 3s
2026-10-03 03:19:19,465 - INFO - Requested https://www.metropolisindia.com/parameter/cobalt-icpms-blood | Status: 200 | Elapsed: 0.14s | Delay: 3s
2026-10-03 03:19:22,780 - INFO - Requested https://www.metropolisindia.com/parameter/aldosteronedirect-renin-ratio | Status: 200 | Elapsed: 0.14s | Delay: 3s
2026-10-03 03:19:26,141 - INFO - Requested https://www.metropolisindia.com/parameter/methionine-quantitative-urine-spot | Status: 200 | Elapsed: 0.13s | Delay: 3s
2026-10-03 03:19:29,540 - INFO - Requested https://www.metropolisindia.com/parameter/phenol-urine | Status: 200 | Elapsed: 0.17s | Delay: 3s
2026-10-03 03:19:32,834 - INFO - Requested https://www.metropolisindia.com/parameter/u1-snrnp-68-kdaserum | Status: 200 | Elapsed: 0.15s | Delay: 3s
2026-10-03 03:19:36,274 - INFO - Requested https://www.metropolisindia.com/parameter/allergenindividual-foodcorn-maizemakka-zea-mays | Status: 200 | Elapsed: 0.13s | Delay: 3s
2026-10-03 03:19:39,650 - INFO - Requested https://www.metropolisindia.com/parameter/calcium-profile | Status: 200 | Elapsed: 0.13s | Delay: 3s
2026-10-03 03:19:39,651 - INFO - --- PROGRESS REPORT --- Reqs(200): 608 | 404s: 67 | Packages: 60 | Profiles: 74 | Tests: 601 | 429s: 0 | Retries: 0 | Errors: 0 | Delay: 3s | Remaining: 910
2026-10-03 03:19:43,058 - INFO - Requested https://www.metropolisindia.com/parameter/hla-autoantibody-detection-test | Status: 200 | Elapsed: 0.13s | Delay: 3s
2026-10-03 03:19:46,576 - INFO - Requested https://www.metropolisindia.com/parameter/beta-hexosaminidase-a-gm2-1-taysachs-blood | Status: 200 | Elapsed: 0.13s | Delay: 3s
2026-10-03 03:19:49,844 - INFO - Requested https://www.metropolisindia.com/parameter/isoleucine-quantitative-urine-24h | Status: 200 | Elapsed: 0.13s | Delay: 3s
2026-10-03 03:19:53,113 - INFO - Requested https://www.metropolisindia.com/parameter/dihydrotestosterone-serum-or-dht | Status: 200 | Elapsed: 0.13s | Delay: 3s
2026-10-03 03:19:56,501 - INFO - Requested https://www.metropolisindia.com/parameter/desmoglein-i-antibodyvesiculobullous-disordersserum | Status: 200 | Elapsed: 0.13s | Delay: 3s
2026-10-03 03:19:59,892 - INFO - Requested https://www.metropolisindia.com/parameter/bk-virus-quantitative-blood | Status: 200 | Elapsed: 0.13s | Delay: 3s
2026-10-03 03:20:03,198 - INFO - Requested https://www.metropolisindia.com/parameter/cysteine-quantitative-spot-urine | Status: 200 | Elapsed: 0.13s | Delay: 3s
2026-10-03 03:20:06,574 - INFO - Requested https://www.metropolisindia.com/parameter/fungal-stain-culture-and-identification-stool | Status: 200 | Elapsed: 0.13s | Delay: 3s
2026-10-03 03:20:09,948 - INFO - Requested https://www.metropolisindia.com/parameter/leptospira-detection-by-smear-examination-csf | Status: 200 | Elapsed: 0.13s | Delay: 3s
2026-10-03 03:20:13,445 - INFO - Requested https://www.metropolisindia.com/parameter/vgkc-antibody-csf | Status: 200 | Elapsed: 0.13s | Delay: 3s
2026-10-03 03:20:16,913 - INFO - Requested https://www.metropolisindia.com/parameter/tzanck-smear-microscopic-examination | Status: 200 | Elapsed: 0.14s | Delay: 3s
2026-10-03 03:20:20,329 - INFO - Requested https://www.metropolisindia.com/parameter/dna-paternity-16-markers-blood | Status: 200 | Elapsed: 0.13s | Delay: 3s
2026-10-03 03:20:23,603 - INFO - Requested https://www.metropolisindia.com/parameter/jak-2-mutation-cmpd-exon-12-mutation-bone-marrow | Status: 200 | Elapsed: 0.14s | Delay: 3s
2026-10-03 03:20:26,904 - INFO - Requested https://www.metropolisindia.com/parameter/allergenindividual-grass-pollen-meadow-grass-poa-pratensis | Status: 200 | Elapsed: 0.13s | Delay: 3s
2026-10-03 03:20:30,339 - INFO - Requested https://www.metropolisindia.com/parameter/sodium-urine-24h | Status: 200 | Elapsed: 0.20s | Delay: 3s
2026-10-03 03:20:33,644 - INFO - Requested https://www.metropolisindia.com/parameter/whole-exome-panel | Status: 404 | Elapsed: 0.08s | Delay: 3s
2026-10-03 03:20:33,644 - WARNING - HTTP 404 Not Found on https://www.metropolisindia.com/parameter/whole-exome-panel. Skipping permanently.
2026-10-03 03:20:36,783 - INFO - Requested https://www.metropolisindia.com/parameter/jc-bk-dna-detection-plasma | Status: 200 | Elapsed: 0.14s | Delay: 3s
2026-10-03 03:20:40,115 - INFO - Requested https://www.metropolisindia.com/parameter/goodpastures-syndrome-panel | Status: 200 | Elapsed: 0.15s | Delay: 3s
2026-10-03 03:20:43,398 - INFO - Requested https://www.metropolisindia.com/parameter/allergenindividual-foodtunafish-pleuronectes-platessa | Status: 200 | Elapsed: 0.13s | Delay: 3s
2026-10-03 03:20:46,844 - INFO - Requested https://www.metropolisindia.com/parameter/mercury-icpms-urine-24h | Status: 200 | Elapsed: 0.13s | Delay: 3s
2026-10-03 03:20:50,133 - INFO - Requested https://www.metropolisindia.com/parameter/apa-iggphospholipid-antibodyserum | Status: 200 | Elapsed: 0.13s | Delay: 3s
2026-10-03 03:20:53,405 - INFO - Requested https://www.metropolisindia.com/parameter/praplasma-renin-activityplasma | Status: 200 | Elapsed: 0.12s | Delay: 3s
2026-10-03 03:20:56,761 - INFO - Requested https://www.metropolisindia.com/parameter/afb-rapid-culture-by-bactec-mgit-bone-marrow | Status: 200 | Elapsed: 0.14s | Delay: 3s
2026-10-03 03:21:00,108 - INFO - Requested https://www.metropolisindia.com/parameter/metanephrine-freeelisaplasma | Status: 200 | Elapsed: 0.13s | Delay: 3s
2026-10-03 03:21:03,449 - INFO - Requested https://www.metropolisindia.com/parameter/igg-subclass-1igg1-serum-by-nephelometry | Status: 200 | Elapsed: 0.13s | Delay: 3s
2026-10-03 03:21:03,450 - INFO - --- PROGRESS REPORT --- Reqs(200): 632 | 404s: 68 | Packages: 60 | Profiles: 74 | Tests: 626 | 429s: 0 | Retries: 0 | Errors: 0 | Delay: 3s | Remaining: 886
2026-10-03 03:21:06,805 - INFO - Requested https://www.metropolisindia.com/parameter/hanging-drop-preparation-for-v-cholerae-stool | Status: 200 | Elapsed: 0.13s | Delay: 3s
2026-10-03 03:21:10,125 - INFO - Requested https://www.metropolisindia.com/parameter/ihc-androgen-receptor-with-interpretation | Status: 200 | Elapsed: 0.13s | Delay: 3s
2026-10-03 03:21:13,421 - INFO - Requested https://www.metropolisindia.com/parameter/histopathological-examination-of-cervix-biopsy | Status: 200 | Elapsed: 0.14s | Delay: 3s
2026-10-03 03:21:16,815 - INFO - Requested https://www.metropolisindia.com/parameter/gnrh-lhrhstimulation-test-for-fsh-and-lh | Status: 200 | Elapsed: 0.13s | Delay: 3s
2026-10-03 03:21:20,158 - INFO - Requested https://www.metropolisindia.com/parameter/phenobarbitone-gardinal-serum | Status: 200 | Elapsed: 0.12s | Delay: 3s
2026-10-03 03:21:23,481 - INFO - Requested https://www.metropolisindia.com/parameter/afb-smear-exam-by-fluorescent-stain-sputum-1sample | Status: 200 | Elapsed: 0.12s | Delay: 3s
2026-10-03 03:21:26,796 - INFO - Requested https://www.metropolisindia.com/parameter/hbv-hepatitis-b-dna-detection-by-pcr-csf | Status: 200 | Elapsed: 0.13s | Delay: 3s
2026-10-03 03:21:30,267 - INFO - Requested https://www.metropolisindia.com/parameter/trisomyaneuploidychromosome131821-xy-by-fish | Status: 200 | Elapsed: 0.15s | Delay: 3s
2026-10-03 03:21:33,749 - INFO - Requested https://www.metropolisindia.com/parameter/histopathological-examination-of-breast-lump | Status: 200 | Elapsed: 0.13s | Delay: 3s
2026-10-03 03:21:37,100 - INFO - Requested https://www.metropolisindia.com/parameter/brca1-brca2-deletionduplication-analysis | Status: 200 | Elapsed: 0.13s | Delay: 3s
2026-10-03 03:21:40,448 - INFO - Requested https://www.metropolisindia.com/parameter/panfungal-dna-dna-detection-by-pcr-sputum | Status: 200 | Elapsed: 0.13s | Delay: 3s
2026-10-03 03:21:43,870 - INFO - Requested https://www.metropolisindia.com/parameter/nicotine-metabolitequantitativeurine-spot | Status: 200 | Elapsed: 0.14s | Delay: 3s
2026-10-03 03:21:47,373 - INFO - Requested https://www.metropolisindia.com/parameter/allergenindividual-foodcasein-milk-proteindahi | Status: 200 | Elapsed: 0.12s | Delay: 3s
2026-10-03 03:21:50,753 - INFO - Requested https://www.metropolisindia.com/parameter/hla-cross-match-by-flow-cytometry | Status: 200 | Elapsed: 0.13s | Delay: 3s
2026-10-03 03:21:54,214 - INFO - Requested https://www.metropolisindia.com/parameter/afb-dna-detection-by-real-time-pcr-pus-abscess-and-aspirates | Status: 200 | Elapsed: 0.13s | Delay: 3s
2026-10-03 03:21:57,595 - INFO - Requested https://www.metropolisindia.com/parameter/cortisol-clia-serum-random | Status: 200 | Elapsed: 0.14s | Delay: 3s
2026-10-03 03:22:01,053 - INFO - Requested https://www.metropolisindia.com/parameter/tsh-thyroid-stimulating-hormone-neonatal-screen-dried-blood-spot | Status: 200 | Elapsed: 0.13s | Delay: 3s
2026-10-03 03:22:04,517 - INFO - Requested https://www.metropolisindia.com/parameter/dysmorphic-rbc-detection-urine-spot | Status: 200 | Elapsed: 0.13s | Delay: 3s
2026-10-03 03:22:07,906 - INFO - Requested https://www.metropolisindia.com/parameter/albumin-qualitative-urine | Status: 200 | Elapsed: 0.13s | Delay: 3s
2026-10-03 03:22:11,290 - INFO - Requested https://www.metropolisindia.com/parameter/urea-serum | Status: 200 | Elapsed: 0.13s | Delay: 3s
2026-10-03 03:22:14,719 - INFO - Requested https://www.metropolisindia.com/parameter/dheadehydroepiandrostenedioneserum | Status: 200 | Elapsed: 0.13s | Delay: 3s
2026-10-03 03:22:18,255 - INFO - Requested https://www.metropolisindia.com/parameter/allergenindividual-foodcrabcancer-pagurus | Status: 200 | Elapsed: 0.13s | Delay: 3s
2026-10-03 03:22:21,602 - INFO - Requested https://www.metropolisindia.com/parameter/allergenindividual-animal-pigeon-feathers-serum-a0525 | Status: 200 | Elapsed: 0.13s | Delay: 3s
2026-10-03 03:22:24,914 - INFO - Requested https://www.metropolisindia.com/parameter/allergenindividual-tree-pollenalderalnus-incana | Status: 200 | Elapsed: 0.13s | Delay: 3s
2026-10-03 03:22:28,270 - INFO - Requested https://www.metropolisindia.com/parameter/beta-2-microglobulincliaserum | Status: 200 | Elapsed: 0.12s | Delay: 3s
2026-10-03 03:22:28,270 - INFO - --- PROGRESS REPORT --- Reqs(200): 657 | 404s: 68 | Packages: 60 | Profiles: 74 | Tests: 651 | 429s: 0 | Retries: 0 | Errors: 0 | Delay: 3s | Remaining: 861
2026-10-03 03:22:31,715 - INFO - Requested https://www.metropolisindia.com/parameter/btp-beta-trace-protein-gfr | Status: 200 | Elapsed: 0.14s | Delay: 3s
2026-10-03 03:22:35,090 - INFO - Requested https://www.metropolisindia.com/parameter/allergenindividual-foodcow-milkdoodh | Status: 200 | Elapsed: 0.14s | Delay: 3s
2026-10-03 03:22:38,444 - INFO - Requested https://www.metropolisindia.com/parameter/endomysial-antibodyiga-antibodyserum | Status: 200 | Elapsed: 0.13s | Delay: 3s
2026-10-03 03:22:41,775 - INFO - Requested https://www.metropolisindia.com/parameter/allergenindividual-animalcow-danderserum | Status: 200 | Elapsed: 0.12s | Delay: 3s
2026-10-03 03:22:45,155 - INFO - Requested https://www.metropolisindia.com/parameter/anaemia-profile-microcytic-hypochromic | Status: 200 | Elapsed: 0.13s | Delay: 3s
2026-10-03 03:22:48,619 - INFO - Requested https://www.metropolisindia.com/parameter/beta-glucosidase-gaucher-blood | Status: 200 | Elapsed: 0.14s | Delay: 3s
2026-10-03 03:22:52,015 - INFO - Requested https://www.metropolisindia.com/parameter/amino-leveulinic-acid-urine-a0424 | Status: 200 | Elapsed: 0.15s | Delay: 3s
2026-10-03 03:22:55,405 - INFO - Requested https://www.metropolisindia.com/parameter/dopamineelisaplasma | Status: 200 | Elapsed: 0.13s | Delay: 3s
2026-10-03 03:22:58,792 - INFO - Requested https://www.metropolisindia.com/parameter/autoimmune-encephalitis-panel-2-serum | Status: 200 | Elapsed: 0.14s | Delay: 3s
2026-10-03 03:23:02,307 - INFO - Requested https://www.metropolisindia.com/parameter/respiratory-tract-infection-profile-igg | Status: 200 | Elapsed: 0.16s | Delay: 3s
2026-10-03 03:23:05,639 - INFO - Requested https://www.metropolisindia.com/parameter/beta-hexosaminidase-t-gm2-2-sandhoff-blood | Status: 200 | Elapsed: 0.13s | Delay: 3s
2026-10-03 03:23:11,438 - INFO - Requested https://www.metropolisindia.com/parameter/heart-failure-profile-maxi | Status: 200 | Elapsed: 2.57s | Delay: 3s
2026-10-03 03:23:14,818 - INFO - Requested https://www.metropolisindia.com/parameter/afb-drug-susceptibility-panel-1st-line-4-drugs-sire | Status: 200 | Elapsed: 0.16s | Delay: 3s
2026-10-03 03:23:18,263 - INFO - Requested https://www.metropolisindia.com/parameter/allergenindividual-foodricechawal-oryza-sativa | Status: 200 | Elapsed: 0.12s | Delay: 3s
2026-10-03 03:23:21,624 - INFO - Requested https://www.metropolisindia.com/parameter/alpha-fucosidase-blood | Status: 200 | Elapsed: 0.13s | Delay: 3s
2026-10-03 03:23:24,973 - INFO - Requested https://www.metropolisindia.com/parameter/chlamydia-trachomatisiga-antibodyserum | Status: 200 | Elapsed: 0.13s | Delay: 3s
2026-10-03 03:23:28,391 - INFO - Requested https://www.metropolisindia.com/parameter/lipid-test | Status: 200 | Elapsed: 0.14s | Delay: 3s
2026-10-03 03:23:31,720 - INFO - Requested https://www.metropolisindia.com/parameter/allergy-adult-panel-2 | Status: 200 | Elapsed: 0.13s | Delay: 3s
2026-10-03 03:23:35,163 - INFO - Requested https://www.metropolisindia.com/parameter/igabiochemicalserum | Status: 200 | Elapsed: 0.13s | Delay: 3s
2026-10-03 03:23:38,568 - INFO - Requested https://www.metropolisindia.com/parameter/11-deoxycorticosterone | Status: 200 | Elapsed: 0.15s | Delay: 3s
2026-10-03 03:23:41,920 - INFO - Requested https://www.metropolisindia.com/parameter/cd34-stem-cells | Status: 200 | Elapsed: 0.13s | Delay: 3s
2026-10-03 03:23:45,414 - INFO - Requested https://www.metropolisindia.com/parameter/allergenindividual-foodclovesyzygium-aromaticum | Status: 200 | Elapsed: 0.25s | Delay: 3s
2026-10-03 03:23:48,904 - INFO - Requested https://www.metropolisindia.com/parameter/allergy-panel-asthma-rhinitis-comprehensive | Status: 200 | Elapsed: 0.13s | Delay: 3s
2026-10-03 03:23:52,300 - INFO - Requested https://www.metropolisindia.com/parameter/adenovirus-dna-detection-by-pcr-nasal-swab | Status: 200 | Elapsed: 0.13s | Delay: 3s
2026-10-03 03:23:55,696 - INFO - Requested https://www.metropolisindia.com/parameter/ldh-lactate-dehydrogenase-csf | Status: 200 | Elapsed: 0.13s | Delay: 3s
2026-10-03 03:23:55,696 - INFO - --- PROGRESS REPORT --- Reqs(200): 682 | 404s: 68 | Packages: 60 | Profiles: 74 | Tests: 676 | 429s: 0 | Retries: 0 | Errors: 0 | Delay: 3s | Remaining: 836
2026-10-03 03:23:59,211 - INFO - Requested https://www.metropolisindia.com/parameter/leukemia-aml-panel-by-fish-leukemic-blood | Status: 200 | Elapsed: 0.14s | Delay: 3s
2026-10-03 03:24:02,587 - INFO - Requested https://www.metropolisindia.com/parameter/ebvigm-antibody-to-viral-capsid-antigenvcaserum | Status: 200 | Elapsed: 0.13s | Delay: 3s
2026-10-03 03:24:05,971 - INFO - Requested https://www.metropolisindia.com/parameter/igmtotalserum | Status: 200 | Elapsed: 0.13s | Delay: 3s
2026-10-03 03:24:09,513 - INFO - Requested https://www.metropolisindia.com/parameter/leukemia-panel-by-fish-multiple-myeloma | Status: 200 | Elapsed: 0.13s | Delay: 3s
2026-10-03 03:24:12,892 - INFO - Requested https://www.metropolisindia.com/parameter/succinylacetone-blood | Status: 200 | Elapsed: 0.14s | Delay: 3s
2026-10-03 03:24:16,260 - INFO - Requested https://www.metropolisindia.com/parameter/autoimmune-encephalitis-panel-2-csf | Status: 200 | Elapsed: 0.14s | Delay: 3s
2026-10-03 03:24:19,783 - INFO - Requested https://www.metropolisindia.com/parameter/culture-sensitivity-aerobic-bacteria-urethral-discharge | Status: 200 | Elapsed: 0.13s | Delay: 3s
2026-10-03 03:24:23,140 - INFO - Requested https://www.metropolisindia.com/parameter/calprotectin | Status: 200 | Elapsed: 0.13s | Delay: 3s
2026-10-03 03:24:26,495 - INFO - Requested https://www.metropolisindia.com/parameter/chloride-csf | Status: 200 | Elapsed: 0.13s | Delay: 3s
2026-10-03 03:24:29,995 - INFO - Requested https://www.metropolisindia.com/parameter/syt-gene-rearrangement-tx18 | Status: 200 | Elapsed: 0.14s | Delay: 3s
2026-10-03 03:24:33,452 - INFO - Requested https://www.metropolisindia.com/parameter/cmv-igm-antibody-serum | Status: 200 | Elapsed: 0.20s | Delay: 3s
2026-10-03 03:24:36,952 - INFO - Requested https://www.metropolisindia.com/parameter/afb-antibiogram-for-mtb-complex-capreomycin | Status: 200 | Elapsed: 0.13s | Delay: 3s
2026-10-03 03:24:40,387 - INFO - Requested https://www.metropolisindia.com/parameter/galactomannan-aspergillus-antigen-test | Status: 200 | Elapsed: 0.13s | Delay: 3s
2026-10-03 03:24:43,753 - INFO - Requested https://www.metropolisindia.com/parameter/cd23 | Status: 200 | Elapsed: 0.13s | Delay: 3s
2026-10-03 03:24:47,165 - INFO - Requested https://www.metropolisindia.com/parameter/ra-testrheumatoid-arthritissynovial-fluid | Status: 200 | Elapsed: 0.14s | Delay: 3s
2026-10-03 03:24:50,673 - INFO - Requested https://www.metropolisindia.com/parameter/allergenindividual-tree-polleneucalyptusnilgiri-safeda | Status: 200 | Elapsed: 0.13s | Delay: 3s
2026-10-03 03:24:54,071 - INFO - Requested https://www.metropolisindia.com/parameter/allergenindividual-foodhazelnutcorylus-avellana | Status: 200 | Elapsed: 0.16s | Delay: 3s
2026-10-03 03:24:57,520 - INFO - Requested https://www.metropolisindia.com/parameter/mumps-virusigg-antibodyserum | Status: 200 | Elapsed: 0.14s | Delay: 3s
2026-10-03 03:25:01,114 - INFO - Requested https://www.metropolisindia.com/parameter/c-peptide-post-prandial | Status: 200 | Elapsed: 0.29s | Delay: 3s
2026-10-03 03:25:04,468 - INFO - Requested https://www.metropolisindia.com/parameter/protein-s-antigen-freecitrated-plasma | Status: 200 | Elapsed: 0.13s | Delay: 3s
2026-10-03 03:25:07,907 - INFO - Requested https://www.metropolisindia.com/parameter/mtb-antibiogram-by-sequencing | Status: 200 | Elapsed: 0.13s | Delay: 3s
2026-10-03 03:25:11,328 - INFO - Requested https://www.metropolisindia.com/parameter/proteinspedicardial-fluid | Status: 200 | Elapsed: 0.13s | Delay: 3s
2026-10-03 03:25:14,664 - INFO - Requested https://www.metropolisindia.com/parameter/cpk-isoenzymes | Status: 200 | Elapsed: 0.13s | Delay: 3s
2026-10-03 03:25:17,973 - INFO - Requested https://www.metropolisindia.com/parameter/jc-dna-detection-plasma | Status: 200 | Elapsed: 0.13s | Delay: 3s
2026-10-03 03:25:21,452 - INFO - Requested https://www.metropolisindia.com/parameter/afb-drug-susceptibility-flexi-panel-4-drugs | Status: 200 | Elapsed: 0.14s | Delay: 3s
2026-10-03 03:25:21,453 - INFO - --- PROGRESS REPORT --- Reqs(200): 707 | 404s: 68 | Packages: 60 | Profiles: 74 | Tests: 701 | 429s: 0 | Retries: 0 | Errors: 0 | Delay: 3s | Remaining: 811
2026-10-03 03:25:24,838 - INFO - Requested https://www.metropolisindia.com/parameter/alkaline-phosphatase-isoenzymes-electrophoresis | Status: 200 | Elapsed: 0.13s | Delay: 3s
2026-10-03 03:25:28,277 - INFO - Requested https://www.metropolisindia.com/parameter/vitamin-c-serumheparin-plasma-by-hplc-v0014 | Status: 200 | Elapsed: 0.13s | Delay: 3s
2026-10-03 03:25:31,596 - INFO - Requested https://www.metropolisindia.com/parameter/chromosomal-array-cnvsnp-array-blood | Status: 404 | Elapsed: 0.08s | Delay: 3s
2026-10-03 03:25:31,596 - WARNING - HTTP 404 Not Found on https://www.metropolisindia.com/parameter/chromosomal-array-cnvsnp-array-blood. Skipping permanently.
2026-10-03 03:25:34,725 - INFO - Requested https://www.metropolisindia.com/parameter/culture-sensitivity-aerobic-bacteria-blood-two-bottle-set | Status: 200 | Elapsed: 0.13s | Delay: 3s
2026-10-03 03:25:38,131 - INFO - Requested https://www.metropolisindia.com/parameter/cardiolipin-antibodyacl-iga-antibodyserum | Status: 200 | Elapsed: 0.12s | Delay: 3s
2026-10-03 03:25:41,503 - INFO - Requested https://www.metropolisindia.com/parameter/leukemia-myeloma-panel-by-flowcytometry-bone-marrow | Status: 200 | Elapsed: 0.14s | Delay: 3s
2026-10-03 03:25:44,879 - INFO - Requested https://www.metropolisindia.com/parameter/detection-of-antibodies-against-class-i-class-ii | Status: 200 | Elapsed: 0.13s | Delay: 3s
2026-10-03 03:25:48,237 - INFO - Requested https://www.metropolisindia.com/parameter/hepatitis-e-virus-hev-rt-pcr-qualitative | Status: 200 | Elapsed: 0.13s | Delay: 3s
2026-10-03 03:25:51,549 - INFO - Requested https://www.metropolisindia.com/parameter/allergenindividual-foodbaingan | Status: 200 | Elapsed: 0.12s | Delay: 3s
2026-10-03 03:25:54,923 - INFO - Requested https://www.metropolisindia.com/parameter/thrombotic-profile | Status: 200 | Elapsed: 0.13s | Delay: 3s
2026-10-03 03:25:58,389 - INFO - Requested https://www.metropolisindia.com/parameter/iron-studies-test | Status: 200 | Elapsed: 0.14s | Delay: 3s
2026-10-03 03:26:01,774 - INFO - Requested https://www.metropolisindia.com/parameter/sickle-cell-anemia-mutation-prenatal-diagnosis | Status: 200 | Elapsed: 0.13s | Delay: 3s
2026-10-03 03:26:05,209 - INFO - Requested https://www.metropolisindia.com/parameter/fungal-stain-culture-and-identification-bal-et-secretion-respiratory-sample | Status: 200 | Elapsed: 0.14s | Delay: 3s
2026-10-03 03:26:08,760 - INFO - Requested https://www.metropolisindia.com/parameter/lipid-profile-mini | Status: 200 | Elapsed: 0.15s | Delay: 3s
2026-10-03 03:26:12,178 - INFO - Requested https://www.metropolisindia.com/parameter/phurine | Status: 200 | Elapsed: 0.13s | Delay: 3s
2026-10-03 03:26:15,682 - INFO - Requested https://www.metropolisindia.com/parameter/y-chromosome-microdeletion-analysis | Status: 200 | Elapsed: 0.24s | Delay: 3s
2026-10-03 03:26:19,122 - INFO - Requested https://www.metropolisindia.com/parameter/afb-drug-susceptibility-panel-additional-drugs-4-nos-macc | Status: 200 | Elapsed: 0.14s | Delay: 3s
2026-10-03 03:26:22,502 - INFO - Requested https://www.metropolisindia.com/parameter/calculus-stone-analysis-by-automated-ftir-other | Status: 200 | Elapsed: 0.13s | Delay: 3s
2026-10-03 03:26:25,861 - INFO - Requested https://www.metropolisindia.com/parameter/procalcitonin-serum-test | Status: 200 | Elapsed: 0.12s | Delay: 3s
2026-10-03 03:26:29,261 - INFO - Requested https://www.metropolisindia.com/parameter/islet-cell-antibodyica-512-for-type-i-diabetesserum | Status: 200 | Elapsed: 0.13s | Delay: 3s
2026-10-03 03:26:32,603 - INFO - Requested https://www.metropolisindia.com/parameter/vgkc-antibody-serum | Status: 200 | Elapsed: 0.13s | Delay: 3s
2026-10-03 03:26:35,990 - INFO - Requested https://www.metropolisindia.com/parameter/spinocerebellar-ataxia-panel-sca1-2-3-6-7-12 | Status: 200 | Elapsed: 0.13s | Delay: 3s
2026-10-03 03:26:39,414 - INFO - Requested https://www.metropolisindia.com/parameter/fibromaxfibrosis-activity-steato-ash-and-nash-of-liver | Status: 200 | Elapsed: 0.14s | Delay: 3s
2026-10-03 03:26:42,824 - INFO - Requested https://www.metropolisindia.com/parameter/allergenindividual-foodgreen-pea | Status: 200 | Elapsed: 0.18s | Delay: 3s
2026-10-03 03:26:46,205 - INFO - Requested https://www.metropolisindia.com/parameter/varicella-zoster-virus-dna-detection-blood | Status: 200 | Elapsed: 0.13s | Delay: 3s
2026-10-03 03:26:46,206 - INFO - --- PROGRESS REPORT --- Reqs(200): 731 | 404s: 69 | Packages: 60 | Profiles: 74 | Tests: 726 | 429s: 0 | Retries: 0 | Errors: 0 | Delay: 3s | Remaining: 787
2026-10-03 03:26:49,534 - INFO - Requested https://www.metropolisindia.com/parameter/manganese-icpms-serum | Status: 200 | Elapsed: 0.13s | Delay: 3s
2026-10-03 03:26:53,033 - INFO - Requested https://www.metropolisindia.com/parameter/p1npintact-n-terminal-propeptide-of-type-i-procollagenserum | Status: 200 | Elapsed: 0.14s | Delay: 3s
2026-10-03 03:26:56,731 - INFO - Requested https://www.metropolisindia.com/parameter/beta-mannosidase-blood | Status: 200 | Elapsed: 0.22s | Delay: 3s
2026-10-03 03:27:00,270 - INFO - Requested https://www.metropolisindia.com/parameter/parietal-cell-antibodygpca-by-ifaserum | Status: 200 | Elapsed: 0.13s | Delay: 3s
2026-10-03 03:27:03,723 - INFO - Requested https://www.metropolisindia.com/parameter/pap-smear-by-liquid-based-cytology-lbc | Status: 200 | Elapsed: 0.13s | Delay: 3s
2026-10-03 03:27:07,107 - INFO - Requested https://www.metropolisindia.com/parameter/met-gene-amplification | Status: 200 | Elapsed: 0.13s | Delay: 3s
2026-10-03 03:27:10,558 - INFO - Requested https://www.metropolisindia.com/parameter/afb-smear-examination-zn-stain-sputum-1-sample | Status: 200 | Elapsed: 0.13s | Delay: 3s
2026-10-03 03:27:13,958 - INFO - Requested https://www.metropolisindia.com/parameter/afb-mdr-screen-hains-line-probe-assay-extra-pulmonary-samples | Status: 200 | Elapsed: 0.13s | Delay: 3s
2026-10-03 03:27:17,397 - INFO - Requested https://www.metropolisindia.com/parameter/askaskeletal-striated-muscle-antibodyserum | Status: 200 | Elapsed: 0.14s | Delay: 3s
2026-10-03 03:27:20,807 - INFO - Requested https://www.metropolisindia.com/parameter/h1n1-swine-flu-pcr-test | Status: 200 | Elapsed: 0.13s | Delay: 3s
2026-10-03 03:27:24,339 - INFO - Requested https://www.metropolisindia.com/parameter/anti-mullerian-hormone-test | Status: 200 | Elapsed: 0.13s | Delay: 3s
2026-10-03 03:27:27,962 - INFO - Requested https://www.metropolisindia.com/parameter/aspergillus-fumigatusspecific-igg | Status: 200 | Elapsed: 0.13s | Delay: 3s
2026-10-03 03:27:31,330 - INFO - Requested https://www.metropolisindia.com/parameter/apa-igmphospholipid-antibodyserum | Status: 200 | Elapsed: 0.13s | Delay: 3s
2026-10-03 03:27:34,695 - INFO - Requested https://www.metropolisindia.com/parameter/dcp-decarboxy-prothrombin-pivka-ii | Status: 200 | Elapsed: 0.13s | Delay: 3s
2026-10-03 03:27:38,077 - INFO - Requested https://www.metropolisindia.com/parameter/vw-von-willebrand-antigencitrated-plasma | Status: 200 | Elapsed: 0.13s | Delay: 3s
2026-10-03 03:27:41,469 - INFO - Requested https://www.metropolisindia.com/parameter/allergenindividual-tree-pollen-willow-salix-caprea | Status: 200 | Elapsed: 0.13s | Delay: 3s
2026-10-03 03:27:44,855 - INFO - Requested https://www.metropolisindia.com/parameter/immunohistochemistry-c-myc-antibody | Status: 200 | Elapsed: 0.13s | Delay: 3s
2026-10-03 03:27:48,229 - INFO - Requested https://www.metropolisindia.com/parameter/maternal-screen-quad-test-1st-trimester-with-preeclampsia | Status: 200 | Elapsed: 0.14s | Delay: 3s
2026-10-03 03:27:51,585 - INFO - Requested https://www.metropolisindia.com/parameter/leukemia-panel-mrd-for-aml-bone-marrow | Status: 200 | Elapsed: 0.13s | Delay: 3s
2026-10-03 03:27:54,963 - INFO - Requested https://www.metropolisindia.com/parameter/hepatitis-b-virus-hbv-anti-hbeag-envelope-antibody | Status: 200 | Elapsed: 0.13s | Delay: 3s
2026-10-03 03:27:58,498 - INFO - Requested https://www.metropolisindia.com/parameter/scrub-typhus-igm-serum | Status: 200 | Elapsed: 0.14s | Delay: 3s
2026-10-03 03:28:02,003 - INFO - Requested https://www.metropolisindia.com/parameter/shbg-sex-hormone-binding-globulin-serum | Status: 200 | Elapsed: 0.13s | Delay: 3s
2026-10-03 03:28:05,397 - INFO - Requested https://www.metropolisindia.com/parameter/nor-adrenalinenor-epinephrineplasma | Status: 200 | Elapsed: 0.13s | Delay: 3s
2026-10-03 03:28:08,920 - INFO - Requested https://www.metropolisindia.com/parameter/rabies-antibody-igg | Status: 200 | Elapsed: 0.13s | Delay: 3s
2026-10-03 03:28:12,274 - INFO - Requested https://www.metropolisindia.com/parameter/allergenindividual-foodpapayacarica-papaya | Status: 200 | Elapsed: 0.12s | Delay: 3s
2026-10-03 03:28:12,274 - INFO - --- PROGRESS REPORT --- Reqs(200): 756 | 404s: 69 | Packages: 60 | Profiles: 74 | Tests: 751 | 429s: 0 | Retries: 0 | Errors: 0 | Delay: 3s | Remaining: 762
2026-10-03 03:28:15,579 - INFO - Requested https://www.metropolisindia.com/parameter/cysticercus-taenia-soliumigg-antibodycsf | Status: 200 | Elapsed: 0.13s | Delay: 3s
2026-10-03 03:28:18,991 - INFO - Requested https://www.metropolisindia.com/parameter/chromosomal-array-cgh-prenatal | Status: 404 | Elapsed: 0.08s | Delay: 3s
2026-10-03 03:28:18,992 - WARNING - HTTP 404 Not Found on https://www.metropolisindia.com/parameter/chromosomal-array-cgh-prenatal. Skipping permanently.
2026-10-03 03:28:22,125 - INFO - Requested https://www.metropolisindia.com/parameter/allergenindividual-tree-pollenacasiababool-acasia-longifolia | Status: 200 | Elapsed: 0.13s | Delay: 3s
2026-10-03 03:28:25,505 - INFO - Requested https://www.metropolisindia.com/parameter/ras-panel-extended-ffpe-tissue | Status: 200 | Elapsed: 0.13s | Delay: 3s
2026-10-03 03:28:28,908 - INFO - Requested https://www.metropolisindia.com/parameter/urine-by-liquid-based-cytology | Status: 200 | Elapsed: 0.13s | Delay: 3s
2026-10-03 03:28:32,271 - INFO - Requested https://www.metropolisindia.com/parameter/pancreatic-elastase-test | Status: 200 | Elapsed: 0.19s | Delay: 3s
2026-10-03 03:28:35,722 - INFO - Requested https://www.metropolisindia.com/parameter/ihc-single-marker-with-reporting-cd56 | Status: 200 | Elapsed: 0.19s | Delay: 3s
2026-10-03 03:28:39,187 - INFO - Requested https://www.metropolisindia.com/parameter/ccp-antibody-test | Status: 200 | Elapsed: 0.24s | Delay: 3s
2026-10-03 03:28:42,644 - INFO - Requested https://www.metropolisindia.com/parameter/rsv-respiratory-syncytial-virus-igg | Status: 200 | Elapsed: 0.13s | Delay: 3s
2026-10-03 03:28:46,010 - INFO - Requested https://www.metropolisindia.com/parameter/mantoux-test-tuberculin-test-5tu | Status: 200 | Elapsed: 0.13s | Delay: 3s
2026-10-03 03:28:49,394 - INFO - Requested https://www.metropolisindia.com/parameter/sucrose-lysis-test-pnh-screening-tests-s0063 | Status: 200 | Elapsed: 0.13s | Delay: 3s
2026-10-03 03:28:52,762 - INFO - Requested https://www.metropolisindia.com/parameter/afb-drug-susceptibility-first-line-panel-hrez-4-drug-by-mgit | Status: 200 | Elapsed: 0.12s | Delay: 3s
2026-10-03 03:28:56,141 - INFO - Requested https://www.metropolisindia.com/parameter/vitamin-a-test | Status: 200 | Elapsed: 0.13s | Delay: 3s
2026-10-03 03:29:00,015 - INFO - Requested https://www.metropolisindia.com/parameter/valproic-acid-sodium-valporate-serum | Status: 200 | Elapsed: 0.46s | Delay: 3s
2026-10-03 03:29:03,698 - INFO - Requested https://www.metropolisindia.com/parameter/histopathological-examination-of-trucut-biopsy-ct-usg-guided-core-needle-biopsy | Status: 200 | Elapsed: 0.36s | Delay: 3s
2026-10-03 03:29:07,258 - INFO - Requested https://www.metropolisindia.com/parameter/lap-score | Status: 200 | Elapsed: 0.26s | Delay: 3s
2026-10-03 03:29:10,660 - INFO - Requested https://www.metropolisindia.com/parameter/hcv-hepatitis-c-rna-detection-by-taqman | Status: 200 | Elapsed: 0.13s | Delay: 3s
2026-10-03 03:29:14,127 - INFO - Requested https://www.metropolisindia.com/parameter/glucose-body-fluid | Status: 200 | Elapsed: 0.13s | Delay: 3s
2026-10-03 03:29:17,522 - INFO - Requested https://www.metropolisindia.com/parameter/allergenindividual-foodegg-yolkanda | Status: 200 | Elapsed: 0.13s | Delay: 3s
2026-10-03 03:29:20,856 - INFO - Requested https://www.metropolisindia.com/parameter/febrile-agglutination-test | Status: 200 | Elapsed: 0.13s | Delay: 3s
2026-10-03 03:29:24,231 - INFO - Requested https://www.metropolisindia.com/parameter/leukemia-panel-by-fish-all-leukemic-blood | Status: 200 | Elapsed: 0.13s | Delay: 3s
2026-10-03 03:29:27,634 - INFO - Requested https://www.metropolisindia.com/parameter/hepatitis-b-viral-hbv-test | Status: 200 | Elapsed: 0.14s | Delay: 3s
2026-10-03 03:29:31,060 - INFO - Requested https://www.metropolisindia.com/parameter/jak2-v617f-mutation-analysis | Status: 200 | Elapsed: 0.13s | Delay: 3s
2026-10-03 03:29:34,547 - INFO - Requested https://www.metropolisindia.com/parameter/autoimmune-liver-disease-profile-4 | Status: 200 | Elapsed: 0.28s | Delay: 3s
2026-10-03 03:29:37,939 - INFO - Requested https://www.metropolisindia.com/parameter/ihc-single-marker-with-reporting-ck8 | Status: 200 | Elapsed: 0.14s | Delay: 3s
2026-10-03 03:29:37,939 - INFO - --- PROGRESS REPORT --- Reqs(200): 780 | 404s: 70 | Packages: 60 | Profiles: 74 | Tests: 776 | 429s: 0 | Retries: 0 | Errors: 0 | Delay: 3s | Remaining: 738
2026-10-03 03:29:41,311 - INFO - Requested https://www.metropolisindia.com/parameter/glycine-quantitative-csf | Status: 200 | Elapsed: 0.13s | Delay: 3s
2026-10-03 03:29:44,752 - INFO - Requested https://www.metropolisindia.com/parameter/glucosamine-n-acetyl-transferase-blood | Status: 200 | Elapsed: 0.13s | Delay: 3s
2026-10-03 03:29:48,103 - INFO - Requested https://www.metropolisindia.com/parameter/immunoglobulin-profile-igg-igm-and-iga-serum | Status: 200 | Elapsed: 0.13s | Delay: 3s
2026-10-03 03:29:51,470 - INFO - Requested https://www.metropolisindia.com/parameter/fever-profile-super-maxi | Status: 200 | Elapsed: 0.13s | Delay: 3s
2026-10-03 03:29:54,825 - INFO - Requested https://www.metropolisindia.com/parameter/culture-sensitivity-aerobic-bacteria-tissuebiopsy | Status: 200 | Elapsed: 0.13s | Delay: 3s
2026-10-03 03:29:58,510 - INFO - Requested https://www.metropolisindia.com/parameter/fever-panel-multiplex-pcr | Status: 200 | Elapsed: 0.14s | Delay: 3s
2026-10-03 03:30:01,964 - INFO - Requested https://www.metropolisindia.com/parameter/free-t3 | Status: 200 | Elapsed: 0.14s | Delay: 3s
2026-10-03 03:30:05,397 - INFO - Requested https://www.metropolisindia.com/parameter/afb-identification-speciation-mtb-and-mott-by-hains-pure-culture | Status: 200 | Elapsed: 0.14s | Delay: 3s
2026-10-03 03:30:08,808 - INFO - Requested https://www.metropolisindia.com/parameter/lithium-serum | Status: 200 | Elapsed: 0.15s | Delay: 3s
2026-10-03 03:30:12,336 - INFO - Requested https://www.metropolisindia.com/parameter/allergy-adult-comprehensive-panel | Status: 200 | Elapsed: 0.26s | Delay: 3s
2026-10-03 03:30:15,808 - INFO - Requested https://www.metropolisindia.com/parameter/bone-marrow-aspiration | Status: 200 | Elapsed: 0.13s | Delay: 3s
2026-10-03 03:30:19,219 - INFO - Requested https://www.metropolisindia.com/parameter/iglon5-antibody-serum | Status: 200 | Elapsed: 0.14s | Delay: 3s
2026-10-03 03:30:22,587 - INFO - Requested https://www.metropolisindia.com/parameter/alpha-2-macroglobulinserum | Status: 200 | Elapsed: 0.12s | Delay: 3s
2026-10-03 03:30:25,981 - INFO - Requested https://www.metropolisindia.com/parameter/allergenindividual-insecthoney-bee-venommadhu-makhhi-apis-mellifera | Status: 200 | Elapsed: 0.13s | Delay: 3s
2026-10-03 03:30:29,443 - INFO - Requested https://www.metropolisindia.com/parameter/pregascreen-dual | Status: 200 | Elapsed: 0.13s | Delay: 3s
2026-10-03 03:30:32,832 - INFO - Requested https://www.metropolisindia.com/parameter/fungal-stain-culture-and-identification-other-sample | Status: 200 | Elapsed: 0.13s | Delay: 3s
2026-10-03 03:30:36,250 - INFO - Requested https://www.metropolisindia.com/parameter/allergenindividual-foodlobsterhomarus-gammarus | Status: 200 | Elapsed: 0.14s | Delay: 3s
2026-10-03 03:30:39,656 - INFO - Requested https://www.metropolisindia.com/parameter/autoimmune-encephalitis-panel | Status: 200 | Elapsed: 0.13s | Delay: 3s
2026-10-03 03:30:43,135 - INFO - Requested https://www.metropolisindia.com/parameter/hpv-dna-detection-and-typing-lbc | Status: 200 | Elapsed: 0.13s | Delay: 3s
2026-10-03 03:30:46,628 - INFO - Requested https://www.metropolisindia.com/parameter/allergenindividual-foodpotatoaaloo-solanum-tuberosum | Status: 200 | Elapsed: 0.21s | Delay: 3s
2026-10-03 03:30:50,052 - INFO - Requested https://www.metropolisindia.com/parameter/vdrl | Status: 200 | Elapsed: 0.13s | Delay: 3s
2026-10-03 03:30:53,613 - INFO - Requested https://www.metropolisindia.com/parameter/ihc-cerb2-her-2neu-ihc-single-marker-tissue | Status: 200 | Elapsed: 0.30s | Delay: 3s
2026-10-03 03:30:56,953 - INFO - Requested https://www.metropolisindia.com/parameter/lipase-serum | Status: 200 | Elapsed: 0.14s | Delay: 3s
2026-10-03 03:31:00,553 - INFO - Requested https://www.metropolisindia.com/parameter/jev-japnese-encephalitis-virus-rna-detection-by-pcr-blood | Status: 200 | Elapsed: 0.13s | Delay: 3s
2026-10-03 03:31:03,982 - INFO - Requested https://www.metropolisindia.com/parameter/hu-antibodyneuronal-ag-in-paraneoplastic-syndromesserum | Status: 200 | Elapsed: 0.12s | Delay: 3s
2026-10-03 03:31:03,983 - INFO - --- PROGRESS REPORT --- Reqs(200): 805 | 404s: 70 | Packages: 60 | Profiles: 74 | Tests: 801 | 429s: 0 | Retries: 0 | Errors: 0 | Delay: 3s | Remaining: 713
2026-10-03 03:31:07,376 - INFO - Requested https://www.metropolisindia.com/parameter/allergenindividual-foodpeanutmoongfali-arachis-hypogaea | Status: 200 | Elapsed: 0.13s | Delay: 3s
2026-10-03 03:31:10,807 - INFO - Requested https://www.metropolisindia.com/parameter/calcium | Status: 200 | Elapsed: 0.14s | Delay: 3s
2026-10-03 03:31:14,240 - INFO - Requested https://www.metropolisindia.com/parameter/ros1-gene-rearrangement | Status: 200 | Elapsed: 0.14s | Delay: 3s
2026-10-03 03:31:17,638 - INFO - Requested https://www.metropolisindia.com/parameter/culture-sensitivity-aerobic-bacteria-blood-single-bottle | Status: 200 | Elapsed: 0.16s | Delay: 3s
2026-10-03 03:31:21,132 - INFO - Requested https://www.metropolisindia.com/parameter/influenza-panel | Status: 200 | Elapsed: 0.13s | Delay: 3s
2026-10-03 03:31:24,536 - INFO - Requested https://www.metropolisindia.com/parameter/hotspot-cancer-gene-panel-ffpe-tissue | Status: 200 | Elapsed: 0.15s | Delay: 3s
2026-10-03 03:31:28,014 - INFO - Requested https://www.metropolisindia.com/parameter/fungal-identification-pure-culture | Status: 200 | Elapsed: 0.19s | Delay: 3s
2026-10-03 03:31:31,721 - INFO - Requested https://www.metropolisindia.com/parameter/drugs-of-abuse-panel-12-drug-panel | Status: 200 | Elapsed: 0.30s | Delay: 3s
2026-10-03 03:31:35,065 - INFO - Requested https://www.metropolisindia.com/parameter/fluid-lipase | Status: 200 | Elapsed: 0.12s | Delay: 3s
2026-10-03 03:31:38,410 - INFO - Requested https://www.metropolisindia.com/parameter/urine-sugar-fasting | Status: 200 | Elapsed: 0.13s | Delay: 3s
2026-10-03 03:31:41,882 - INFO - Requested https://www.metropolisindia.com/parameter/17-ketosteroidsurine-by-column-chromatography-0029 | Status: 200 | Elapsed: 0.13s | Delay: 3s
2026-10-03 03:31:45,353 - INFO - Requested https://www.metropolisindia.com/parameter/adrenaline-epinephrine-hplcurine24hrs | Status: 200 | Elapsed: 0.13s | Delay: 3s
2026-10-03 03:31:48,749 - INFO - Requested https://www.metropolisindia.com/parameter/lp-pla2-plac-test | Status: 200 | Elapsed: 0.14s | Delay: 3s
2026-10-03 03:31:52,203 - INFO - Requested https://www.metropolisindia.com/parameter/karyotyping-g-banding-and-fish-chr-1318-21-x-and-yamniotic-fluid | Status: 200 | Elapsed: 0.14s | Delay: 3s
2026-10-03 03:31:55,611 - INFO - Requested https://www.metropolisindia.com/parameter/prothrombin-time-test | Status: 200 | Elapsed: 0.14s | Delay: 3s
2026-10-03 03:31:59,115 - INFO - Requested https://www.metropolisindia.com/parameter/panfungal-dna-dna-detection-by-pcr-tissue | Status: 200 | Elapsed: 0.15s | Delay: 3s
2026-10-03 03:32:02,606 - INFO - Requested https://www.metropolisindia.com/parameter/allergenindividual-foodlemonnimbu-citrus-limon | Status: 200 | Elapsed: 0.13s | Delay: 3s
2026-10-03 03:32:05,952 - INFO - Requested https://www.metropolisindia.com/parameter/cortisolcliaserum | Status: 200 | Elapsed: 0.13s | Delay: 3s
2026-10-03 03:32:09,279 - INFO - Requested https://www.metropolisindia.com/parameter/fever-profile-maxi | Status: 200 | Elapsed: 0.12s | Delay: 3s
2026-10-03 03:32:12,812 - INFO - Requested https://www.metropolisindia.com/parameter/histopathological-examination-of-endometrium-dc-material | Status: 200 | Elapsed: 0.25s | Delay: 3s
2026-10-03 03:32:16,258 - INFO - Requested https://www.metropolisindia.com/parameter/lambda-light-chains-by-flow-cytometry | Status: 200 | Elapsed: 0.13s | Delay: 3s
2026-10-03 03:32:19,618 - INFO - Requested https://www.metropolisindia.com/parameter/hiv-1-rna-detection-by-taqman-plasma | Status: 200 | Elapsed: 0.13s | Delay: 3s
2026-10-03 03:32:22,975 - INFO - Requested https://www.metropolisindia.com/parameter/csf-by-cytocentrifuge | Status: 200 | Elapsed: 0.14s | Delay: 3s
2026-10-03 03:32:26,295 - INFO - Requested https://www.metropolisindia.com/parameter/bcr-abl-break-point-analysis-blood | Status: 200 | Elapsed: 0.14s | Delay: 3s
2026-10-03 03:32:29,749 - INFO - Requested https://www.metropolisindia.com/parameter/hbv-basal-core-promoter-mutation-h0313 | Status: 200 | Elapsed: 0.13s | Delay: 3s
2026-10-03 03:32:29,749 - INFO - --- PROGRESS REPORT --- Reqs(200): 830 | 404s: 70 | Packages: 60 | Profiles: 74 | Tests: 826 | 429s: 0 | Retries: 0 | Errors: 0 | Delay: 3s | Remaining: 688
2026-10-03 03:32:33,171 - INFO - Requested https://www.metropolisindia.com/parameter/afb-antibiogram-for-mott-for-slow-growers-upto-10-drugs | Status: 200 | Elapsed: 0.13s | Delay: 3s
2026-10-03 03:32:36,556 - INFO - Requested https://www.metropolisindia.com/parameter/phosphorus-inorganic-urine-24h | Status: 200 | Elapsed: 0.12s | Delay: 3s
2026-10-03 03:32:39,910 - INFO - Requested https://www.metropolisindia.com/parameter/afb-antibiogram-for-mott-for-rapid-growers-upto-10-drugs | Status: 200 | Elapsed: 0.13s | Delay: 3s
2026-10-03 03:32:43,398 - INFO - Requested https://www.metropolisindia.com/parameter/chitotriosidase-storage-disorder-plasma | Status: 200 | Elapsed: 0.12s | Delay: 3s
2026-10-03 03:32:46,743 - INFO - Requested https://www.metropolisindia.com/parameter/chlamydia-trachomatis-dna-detection-by-pcr-vaginal-swab | Status: 200 | Elapsed: 0.13s | Delay: 3s
2026-10-03 03:32:50,144 - INFO - Requested https://www.metropolisindia.com/parameter/allergy-nuts-panel | Status: 200 | Elapsed: 0.14s | Delay: 3s
2026-10-03 03:32:53,474 - INFO - Requested https://www.metropolisindia.com/parameter/pla2-receptor-antibodyprimary-membranous-glomerulopathyserum | Status: 200 | Elapsed: 0.13s | Delay: 3s
2026-10-03 03:32:56,830 - INFO - Requested https://www.metropolisindia.com/parameter/epstein-barr-virus-ebv-quantitative-pcr | Status: 200 | Elapsed: 0.13s | Delay: 3s
2026-10-03 03:33:00,405 - INFO - Requested https://www.metropolisindia.com/parameter/potassium-test | Status: 200 | Elapsed: 0.13s | Delay: 3s
2026-10-03 03:33:03,765 - INFO - Requested https://www.metropolisindia.com/parameter/jc-dna-detection-by-real-time-pcr-edta-blood | Status: 200 | Elapsed: 0.13s | Delay: 3s
2026-10-03 03:33:07,167 - INFO - Requested https://www.metropolisindia.com/parameter/t9-22-by-fish-bcr-abl-philadelphia-bone-marrow | Status: 200 | Elapsed: 0.13s | Delay: 3s
2026-10-03 03:33:10,657 - INFO - Requested https://www.metropolisindia.com/parameter/respiratory-panel-by-filmarray | Status: 200 | Elapsed: 0.17s | Delay: 3s
2026-10-03 03:33:14,108 - INFO - Requested https://www.metropolisindia.com/parameter/allergenindividual-foodcocoachocolate-theobroma-cacao | Status: 200 | Elapsed: 0.13s | Delay: 3s
2026-10-03 03:33:17,513 - INFO - Requested https://www.metropolisindia.com/parameter/anti-nuclear-antibody-test | Status: 200 | Elapsed: 0.16s | Delay: 3s
2026-10-03 03:33:21,052 - INFO - Requested https://www.metropolisindia.com/parameter/helicobacter-pyloriigm-antibodiesserum | Status: 200 | Elapsed: 0.13s | Delay: 3s
2026-10-03 03:33:24,543 - INFO - Requested https://www.metropolisindia.com/parameter/plgf-placental-growth-factor | Status: 200 | Elapsed: 0.22s | Delay: 3s
2026-10-03 03:33:27,967 - INFO - Requested https://www.metropolisindia.com/parameter/tpo-thyroid-peroxidase-antibodyama-microsomal-antibodycsf | Status: 200 | Elapsed: 0.13s | Delay: 3s
2026-10-03 03:33:31,561 - INFO - Requested https://www.metropolisindia.com/parameter/allergenindividual-foodblack-pepperpiper-nigrum | Status: 200 | Elapsed: 0.13s | Delay: 3s
2026-10-03 03:33:34,970 - INFO - Requested https://www.metropolisindia.com/parameter/leukemia-panel-t-all-bone-marrow | Status: 200 | Elapsed: 0.13s | Delay: 3s
2026-10-03 03:33:38,380 - INFO - Requested https://www.metropolisindia.com/parameter/tungsten-edta-whole-blood | Status: 200 | Elapsed: 0.13s | Delay: 3s
2026-10-03 03:33:41,921 - INFO - Requested https://www.metropolisindia.com/parameter/anti-streptolysin-o-aso-quantitative | Status: 200 | Elapsed: 0.13s | Delay: 3s
2026-10-03 03:33:45,371 - INFO - Requested https://www.metropolisindia.com/parameter/malarial-antigen-vivax-falciparum-detection | Status: 200 | Elapsed: 0.15s | Delay: 3s
2026-10-03 03:33:48,703 - INFO - Requested https://www.metropolisindia.com/parameter/diabetes-profile-mini | Status: 200 | Elapsed: 0.14s | Delay: 3s
2026-10-03 03:33:52,107 - INFO - Requested https://www.metropolisindia.com/parameter/afb-dna-detection-by-real-time-pcr-respiratory-sample-sputum-bal | Status: 200 | Elapsed: 0.13s | Delay: 3s
2026-10-03 03:33:55,474 - INFO - Requested https://www.metropolisindia.com/parameter/leukemia-panels-by-fish-eosinophilia-cbf-beta-pdgfr-alpha-beta-fgfr-1-bone-marrowleukemic-blood | Status: 200 | Elapsed: 0.13s | Delay: 3s
2026-10-03 03:33:55,474 - INFO - --- PROGRESS REPORT --- Reqs(200): 855 | 404s: 70 | Packages: 60 | Profiles: 74 | Tests: 851 | 429s: 0 | Retries: 0 | Errors: 0 | Delay: 3s | Remaining: 663
2026-10-03 03:33:58,865 - INFO - Requested https://www.metropolisindia.com/parameter/allergy-screeningphadiatop-adultfor-5-years | Status: 200 | Elapsed: 0.12s | Delay: 3s
2026-10-03 03:34:02,359 - INFO - Requested https://www.metropolisindia.com/parameter/ova-and-parasite-examinationother-samples | Status: 200 | Elapsed: 0.14s | Delay: 3s
2026-10-03 03:34:05,746 - INFO - Requested https://www.metropolisindia.com/parameter/cortisol-clia-serum-0400pm | Status: 200 | Elapsed: 0.17s | Delay: 3s
2026-10-03 03:34:09,141 - INFO - Requested https://www.metropolisindia.com/parameter/leptospiraigm-antibodiesserum | Status: 200 | Elapsed: 0.14s | Delay: 3s
2026-10-03 03:34:12,554 - INFO - Requested https://www.metropolisindia.com/parameter/afb-rapid-culture-by-bactec-mgit-endometrium | Status: 200 | Elapsed: 0.14s | Delay: 3s
2026-10-03 03:34:16,077 - INFO - Requested https://www.metropolisindia.com/parameter/mouldfilamentous-fungi-on-agar-plate-or-slant | Status: 200 | Elapsed: 0.13s | Delay: 3s
2026-10-03 03:34:19,524 - INFO - Requested https://www.metropolisindia.com/parameter/cd-3 | Status: 200 | Elapsed: 0.14s | Delay: 3s
2026-10-03 03:34:22,952 - INFO - Requested https://www.metropolisindia.com/parameter/allergenindividual-foodcashew-nutkaju-anacardium-occidentale | Status: 200 | Elapsed: 0.13s | Delay: 3s
2026-10-03 03:34:26,351 - INFO - Requested https://www.metropolisindia.com/parameter/htlv-1-and-2-virustotal-antibodyserum | Status: 200 | Elapsed: 0.12s | Delay: 3s
2026-10-03 03:34:29,853 - INFO - Requested https://www.metropolisindia.com/parameter/metanephrine-level-hplc-24-hrs-urine | Status: 200 | Elapsed: 0.13s | Delay: 3s
2026-10-03 03:34:33,265 - INFO - Requested https://www.metropolisindia.com/parameter/allergy-panel-asthma-rhinitis-comprehensive-with-monitoring-4 | Status: 200 | Elapsed: 0.13s | Delay: 3s
2026-10-03 03:34:36,611 - INFO - Requested https://www.metropolisindia.com/parameter/ada-adenosine-deaminase-synovial-fluid | Status: 200 | Elapsed: 0.13s | Delay: 3s
2026-10-03 03:34:40,066 - INFO - Requested https://www.metropolisindia.com/parameter/heavy-and-trace-metals-profile-2 | Status: 200 | Elapsed: 0.14s | Delay: 3s
2026-10-03 03:34:43,556 - INFO - Requested https://www.metropolisindia.com/parameter/afb-smear-examination-zn-stain-tissue-and-biopsy | Status: 200 | Elapsed: 0.17s | Delay: 3s
2026-10-03 03:34:47,010 - INFO - Requested https://www.metropolisindia.com/parameter/allergenindividual-foodspinachpalak-spinachia-oleracea | Status: 200 | Elapsed: 0.13s | Delay: 3s
2026-10-03 03:34:50,338 - INFO - Requested https://www.metropolisindia.com/parameter/hiv-1-integrase-inhibitor-resistance-genotypic | Status: 200 | Elapsed: 0.13s | Delay: 3s
2026-10-03 03:34:53,787 - INFO - Requested https://www.metropolisindia.com/parameter/afb-smear-examination-fluorescent-stain-pus-abscess-and-aspirates-mi-ba-fm | Status: 200 | Elapsed: 0.14s | Delay: 3s
2026-10-03 03:34:57,176 - INFO - Requested https://www.metropolisindia.com/parameter/testosterone-profile | Status: 200 | Elapsed: 0.13s | Delay: 3s
2026-10-03 03:35:00,462 - INFO - Requested https://www.metropolisindia.com/parameter/allergenindividual-food-celery-apium-graveolens | Status: 200 | Elapsed: 0.14s | Delay: 3s
2026-10-03 03:35:03,840 - INFO - Requested https://www.metropolisindia.com/parameter/leukemia-panel-by-fish-aml | Status: 200 | Elapsed: 0.14s | Delay: 3s
2026-10-03 03:35:07,176 - INFO - Requested https://www.metropolisindia.com/parameter/acth-stimulation-test-for-17-oh-progesterone | Status: 200 | Elapsed: 0.13s | Delay: 3s
2026-10-03 03:35:10,472 - INFO - Requested https://www.metropolisindia.com/parameter/immunoglobulin-profile-iggigm-and-igacsf | Status: 200 | Elapsed: 0.14s | Delay: 3s
2026-10-03 03:35:13,883 - INFO - Requested https://www.metropolisindia.com/parameter/ttg-antibody-iggtissue-transglutaminaseceliac-diseaseserum | Status: 200 | Elapsed: 0.13s | Delay: 3s
2026-10-03 03:35:17,229 - INFO - Requested https://www.metropolisindia.com/parameter/nipple-discharge-by-conventional-method | Status: 200 | Elapsed: 0.13s | Delay: 3s
2026-10-03 03:35:20,563 - INFO - Requested https://www.metropolisindia.com/parameter/sgot | Status: 200 | Elapsed: 0.14s | Delay: 3s
2026-10-03 03:35:20,563 - INFO - --- PROGRESS REPORT --- Reqs(200): 880 | 404s: 70 | Packages: 60 | Profiles: 74 | Tests: 876 | 429s: 0 | Retries: 0 | Errors: 0 | Delay: 3s | Remaining: 638
2026-10-03 03:35:23,858 - INFO - Requested https://www.metropolisindia.com/parameter/allergen-individual-insect-mosquito-machhar-aedes-communis | Status: 200 | Elapsed: 0.13s | Delay: 3s
2026-10-03 03:35:27,323 - INFO - Requested https://www.metropolisindia.com/parameter/creatinine-serum | Status: 200 | Elapsed: 0.15s | Delay: 3s
2026-10-03 03:35:30,784 - INFO - Requested https://www.metropolisindia.com/parameter/culture-sensitivity-aerobic-bacteria-respiratory-samples-balet-secretions | Status: 200 | Elapsed: 0.13s | Delay: 3s
2026-10-03 03:35:34,126 - INFO - Requested https://www.metropolisindia.com/parameter/synovial-fluid-by-conventional-method | Status: 200 | Elapsed: 0.14s | Delay: 3s
2026-10-03 03:35:37,480 - INFO - Requested https://www.metropolisindia.com/parameter/chikungunya-igm-antibody-serum-test | Status: 200 | Elapsed: 0.12s | Delay: 3s
2026-10-03 03:35:40,891 - INFO - Requested https://www.metropolisindia.com/parameter/proteins-synovialfluid | Status: 200 | Elapsed: 0.13s | Delay: 3s
2026-10-03 03:35:44,294 - INFO - Requested https://www.metropolisindia.com/parameter/allergy-panel-rhinitis-wheeze-basic | Status: 200 | Elapsed: 0.15s | Delay: 3s
2026-10-03 03:35:47,795 - INFO - Requested https://www.metropolisindia.com/parameter/allergy-panel-foodvegetarians-panel | Status: 200 | Elapsed: 0.14s | Delay: 3s
2026-10-03 03:35:51,171 - INFO - Requested https://www.metropolisindia.com/parameter/adrenal-gland-antibodies-serum | Status: 200 | Elapsed: 0.14s | Delay: 3s
2026-10-03 03:35:54,559 - INFO - Requested https://www.metropolisindia.com/parameter/random-glucose | Status: 200 | Elapsed: 0.14s | Delay: 3s
2026-10-03 03:35:57,937 - INFO - Requested https://www.metropolisindia.com/parameter/allergy-screening-ige-with-phadiatop-adult-5y | Status: 200 | Elapsed: 0.13s | Delay: 3s
2026-10-03 03:36:01,462 - INFO - Requested https://www.metropolisindia.com/parameter/gene-analysis-tsc1-tsc2 | Status: 200 | Elapsed: 0.15s | Delay: 3s
2026-10-03 03:36:04,827 - INFO - Requested https://www.metropolisindia.com/parameter/androgen-profile | Status: 200 | Elapsed: 0.13s | Delay: 3s
2026-10-03 03:36:08,208 - INFO - Requested https://www.metropolisindia.com/parameter/hcg-beta-subunit-cmia-csf | Status: 200 | Elapsed: 0.13s | Delay: 3s
2026-10-03 03:36:11,565 - INFO - Requested https://www.metropolisindia.com/parameter/oxcarbazepine-serum | Status: 200 | Elapsed: 0.13s | Delay: 3s
2026-10-03 03:36:15,092 - INFO - Requested https://www.metropolisindia.com/parameter/hla-typing-b5-locus-luminex | Status: 200 | Elapsed: 0.22s | Delay: 3s
2026-10-03 03:36:18,649 - INFO - Requested https://www.metropolisindia.com/parameter/beta-thalassemia-prenatal-parental-testing-30-mutaions | Status: 200 | Elapsed: 0.26s | Delay: 3s
2026-10-03 03:36:22,052 - INFO - Requested https://www.metropolisindia.com/parameter/androstenedione-a4-serum | Status: 200 | Elapsed: 0.12s | Delay: 3s
2026-10-03 03:36:25,453 - INFO - Requested https://www.metropolisindia.com/parameter/allergenindividual-foodbrazil-nutbertholletia-excelsa | Status: 200 | Elapsed: 0.13s | Delay: 3s
2026-10-03 03:36:28,744 - INFO - Requested https://www.metropolisindia.com/parameter/alpha-iduronidase-hurler-mps-i-blood | Status: 200 | Elapsed: 0.13s | Delay: 3s
2026-10-03 03:36:32,277 - INFO - Requested https://www.metropolisindia.com/parameter/opportunistic-infection-panel | Status: 200 | Elapsed: 0.14s | Delay: 3s
2026-10-03 03:36:35,551 - INFO - Requested https://www.metropolisindia.com/parameter/calciumcreatinine-ratio-24-hrs | Status: 200 | Elapsed: 0.12s | Delay: 3s
2026-10-03 03:36:38,838 - INFO - Requested https://www.metropolisindia.com/parameter/thallium-icpms-serum | Status: 200 | Elapsed: 0.13s | Delay: 3s
2026-10-03 03:36:42,085 - INFO - Requested https://www.metropolisindia.com/parameter/clustered-achr-and-musk-and-lrp4-antibodies | Status: 404 | Elapsed: 0.08s | Delay: 3s
2026-10-03 03:36:42,086 - WARNING - HTTP 404 Not Found on https://www.metropolisindia.com/parameter/clustered-achr-and-musk-and-lrp4-antibodies. Skipping permanently.
2026-10-03 03:36:45,225 - INFO - Requested https://www.metropolisindia.com/parameter/mantoux-test-tuberculin-test-10tu | Status: 200 | Elapsed: 0.14s | Delay: 3s
2026-10-03 03:36:45,225 - INFO - --- PROGRESS REPORT --- Reqs(200): 904 | 404s: 71 | Packages: 60 | Profiles: 74 | Tests: 901 | 429s: 0 | Retries: 0 | Errors: 0 | Delay: 3s | Remaining: 614
2026-10-03 03:36:48,651 - INFO - Requested https://www.metropolisindia.com/parameter/malaria-detection-by-immunoassay | Status: 200 | Elapsed: 0.14s | Delay: 3s
2026-10-03 03:36:52,045 - INFO - Requested https://www.metropolisindia.com/parameter/cmv-dna-viral-load-by-real-time-pcr-urine | Status: 200 | Elapsed: 0.13s | Delay: 3s
2026-10-03 03:36:55,429 - INFO - Requested https://www.metropolisindia.com/parameter/warfarin-sensitivity-cyp2c92cyp2c93-vkorc1-mutation-blood | Status: 200 | Elapsed: 0.13s | Delay: 3s
2026-10-03 03:36:58,867 - INFO - Requested https://www.metropolisindia.com/parameter/creatinine-urine-spot | Status: 200 | Elapsed: 0.14s | Delay: 3s
2026-10-03 03:37:02,277 - INFO - Requested https://www.metropolisindia.com/parameter/allergy-mold-2-panel | Status: 200 | Elapsed: 0.15s | Delay: 3s
2026-10-03 03:37:05,840 - INFO - Requested https://www.metropolisindia.com/parameter/interferon-gamma-release-assay | Status: 404 | Elapsed: 0.23s | Delay: 3s
2026-10-03 03:37:05,840 - WARNING - HTTP 404 Not Found on https://www.metropolisindia.com/parameter/interferon-gamma-release-assay. Skipping permanently.
2026-10-03 03:37:08,985 - INFO - Requested https://www.metropolisindia.com/parameter/fungal-stain-hair | Status: 200 | Elapsed: 0.14s | Delay: 3s
2026-10-03 03:37:12,431 - INFO - Requested https://www.metropolisindia.com/parameter/vitamin-d-plus-profile | Status: 200 | Elapsed: 0.14s | Delay: 3s
2026-10-03 03:37:15,859 - INFO - Requested https://www.metropolisindia.com/parameter/typhi-dot-igm-antibody-for-typhoid-serum-test | Status: 200 | Elapsed: 0.13s | Delay: 3s
2026-10-03 03:37:19,306 - INFO - Requested https://www.metropolisindia.com/parameter/d-dimer-test | Status: 200 | Elapsed: 0.15s | Delay: 3s
2026-10-03 03:37:22,697 - INFO - Requested https://www.metropolisindia.com/parameter/afb-dna-detection-by-real-time-pcr-tissue-and-biopsy | Status: 200 | Elapsed: 0.14s | Delay: 3s
2026-10-03 03:37:26,082 - INFO - Requested https://www.metropolisindia.com/parameter/vesicobullous-disorder-profile | Status: 200 | Elapsed: 0.14s | Delay: 3s
2026-10-03 03:37:29,448 - INFO - Requested https://www.metropolisindia.com/parameter/apolipoproteins-test | Status: 200 | Elapsed: 0.13s | Delay: 3s
2026-10-03 03:37:32,900 - INFO - Requested https://www.metropolisindia.com/parameter/vzv-varicella-zoster-virusigm-antibodyserum | Status: 200 | Elapsed: 0.13s | Delay: 3s
2026-10-03 03:37:36,384 - INFO - Requested https://www.metropolisindia.com/parameter/alberts-stain-throat-swab | Status: 200 | Elapsed: 0.13s | Delay: 3s
2026-10-03 03:37:39,832 - INFO - Requested https://www.metropolisindia.com/parameter/anaemia-profile-maxi | Status: 200 | Elapsed: 0.13s | Delay: 3s
2026-10-03 03:37:43,191 - INFO - Requested https://www.metropolisindia.com/parameter/allergenindividual-foodblue-musselmytilus-edulis | Status: 200 | Elapsed: 0.12s | Delay: 3s
2026-10-03 03:37:46,618 - INFO - Requested https://www.metropolisindia.com/parameter/cd20 | Status: 200 | Elapsed: 0.13s | Delay: 3s
2026-10-03 03:37:49,934 - INFO - Requested https://www.metropolisindia.com/parameter/fungal-stain-pus | Status: 200 | Elapsed: 0.13s | Delay: 3s
2026-10-03 03:37:53,394 - INFO - Requested https://www.metropolisindia.com/parameter/allergenindividual-foodcheese-cheddar | Status: 200 | Elapsed: 0.13s | Delay: 3s
2026-10-03 03:37:56,839 - INFO - Requested https://www.metropolisindia.com/parameter/cryptococcusantigen-detectioncsf | Status: 200 | Elapsed: 0.13s | Delay: 3s
2026-10-03 03:38:00,130 - INFO - Requested https://www.metropolisindia.com/parameter/igf-bp3cliaserum | Status: 200 | Elapsed: 0.12s | Delay: 3s
2026-10-03 03:38:03,536 - INFO - Requested https://www.metropolisindia.com/parameter/afb-antibiogram-for-mtb-complex-ofloxacin | Status: 200 | Elapsed: 0.14s | Delay: 3s
2026-10-03 03:38:07,046 - INFO - Requested https://www.metropolisindia.com/parameter/atherosclerosis-profile-1 | Status: 200 | Elapsed: 0.13s | Delay: 3s
2026-10-03 03:38:10,429 - INFO - Requested https://www.metropolisindia.com/parameter/cmv-dna-pcr-tissue | Status: 200 | Elapsed: 0.13s | Delay: 3s
2026-10-03 03:38:10,430 - INFO - --- PROGRESS REPORT --- Reqs(200): 928 | 404s: 72 | Packages: 60 | Profiles: 74 | Tests: 926 | 429s: 0 | Retries: 0 | Errors: 0 | Delay: 3s | Remaining: 590
2026-10-03 03:38:13,806 - INFO - Requested https://www.metropolisindia.com/parameter/ldhlactate-dehydrogenaseascitic-fluid | Status: 200 | Elapsed: 0.13s | Delay: 3s
2026-10-03 03:38:17,205 - INFO - Requested https://www.metropolisindia.com/parameter/isospora-by-smear-examination-stool | Status: 200 | Elapsed: 0.13s | Delay: 3s
2026-10-03 03:38:20,492 - INFO - Requested https://www.metropolisindia.com/parameter/alzheimer-disease-screening-profile | Status: 200 | Elapsed: 0.13s | Delay: 3s
2026-10-03 03:38:23,949 - INFO - Requested https://www.metropolisindia.com/parameter/albuminquantitativeurine-24h | Status: 200 | Elapsed: 0.15s | Delay: 3s
2026-10-03 03:38:27,326 - INFO - Requested https://www.metropolisindia.com/parameter/allergenindividual-weed-pollencommon-ragweedclose-to-parthenium-congress-grass-ambrosia-elatior | Status: 200 | Elapsed: 0.14s | Delay: 3s
2026-10-03 03:38:30,712 - INFO - Requested https://www.metropolisindia.com/parameter/culture-sensitivity-aerobic-bacteria-pus | Status: 200 | Elapsed: 0.13s | Delay: 3s
2026-10-03 03:38:34,111 - INFO - Requested https://www.metropolisindia.com/parameter/cd1656 | Status: 200 | Elapsed: 0.13s | Delay: 3s
2026-10-03 03:38:37,612 - INFO - Requested https://www.metropolisindia.com/parameter/allergy-component-testing-crd | Status: 200 | Elapsed: 0.13s | Delay: 3s
2026-10-03 03:38:41,048 - INFO - Requested https://www.metropolisindia.com/parameter/mitochondrial-m2-antibody-by-ifareflex-to-end-point-titreserum | Status: 200 | Elapsed: 0.14s | Delay: 3s
2026-10-03 03:38:44,483 - INFO - Requested https://www.metropolisindia.com/parameter/scl-70-antibodyserum | Status: 200 | Elapsed: 0.13s | Delay: 3s
2026-10-03 03:38:47,890 - INFO - Requested https://www.metropolisindia.com/parameter/cd-3cd-4cd-8cd-45 | Status: 200 | Elapsed: 0.13s | Delay: 3s
2026-10-03 03:38:51,290 - INFO - Requested https://www.metropolisindia.com/parameter/hla-typing-ab-and-dr-loci-class-ii-luminex | Status: 200 | Elapsed: 0.13s | Delay: 3s
2026-10-03 03:38:54,768 - INFO - Requested https://www.metropolisindia.com/parameter/rubella-german-measles-virus-igm-antibody-serum | Status: 200 | Elapsed: 0.19s | Delay: 3s
2026-10-03 03:38:58,161 - INFO - Requested https://www.metropolisindia.com/parameter/hla-b5701-associated-hcp5-rs2395029-genotyping-for-abacavir-hypersensitivity | Status: 200 | Elapsed: 0.14s | Delay: 3s
2026-10-03 03:39:01,716 - INFO - Requested https://www.metropolisindia.com/parameter/allergenindividual-foodwhite-beanphaseolus-vulgaris | Status: 200 | Elapsed: 0.20s | Delay: 3s
2026-10-03 03:39:05,213 - INFO - Requested https://www.metropolisindia.com/parameter/cancer-marker-profile-liver-2 | Status: 200 | Elapsed: 0.28s | Delay: 3s
2026-10-03 03:39:08,702 - INFO - Requested https://www.metropolisindia.com/parameter/afb-mdr-screen-hains-line-probe-assay-sputum-bal-other-respiratory-samples | Status: 200 | Elapsed: 0.12s | Delay: 3s
2026-10-03 03:39:12,107 - INFO - Requested https://www.metropolisindia.com/parameter/afb-speciation-mott-additional-species-by-hains-line-probe-assay-pure-culture | Status: 200 | Elapsed: 0.12s | Delay: 3s
2026-10-03 03:39:15,503 - INFO - Requested https://www.metropolisindia.com/parameter/msi-microsatellite-instability-ffpe-tissue-and-edta-blood | Status: 200 | Elapsed: 0.14s | Delay: 3s
2026-10-03 03:39:18,882 - INFO - Requested https://www.metropolisindia.com/parameter/protein-c-activity-functional-citrated-plasma | Status: 200 | Elapsed: 0.13s | Delay: 3s
2026-10-03 03:39:22,293 - INFO - Requested https://www.metropolisindia.com/parameter/pompe-disease-enzyme-assay-blood | Status: 200 | Elapsed: 0.14s | Delay: 3s
2026-10-03 03:39:25,823 - INFO - Requested https://www.metropolisindia.com/parameter/allergenindividual-foodorangesantra-citrus-sinensis | Status: 200 | Elapsed: 0.18s | Delay: 3s
2026-10-03 03:39:29,212 - INFO - Requested https://www.metropolisindia.com/parameter/cd25 | Status: 200 | Elapsed: 0.13s | Delay: 3s
2026-10-03 03:39:32,683 - INFO - Requested https://www.metropolisindia.com/parameter/cpk-creatine-phosphokinase-test | Status: 200 | Elapsed: 0.22s | Delay: 3s
2026-10-03 03:39:36,100 - INFO - Requested https://www.metropolisindia.com/parameter/ihc-panels-with-reporting-breast-iii-er-pr-c-erb-b2-ki-67 | Status: 200 | Elapsed: 0.13s | Delay: 3s
2026-10-03 03:39:36,100 - INFO - --- PROGRESS REPORT --- Reqs(200): 953 | 404s: 72 | Packages: 60 | Profiles: 74 | Tests: 951 | 429s: 0 | Retries: 0 | Errors: 0 | Delay: 3s | Remaining: 565
2026-10-03 03:39:39,514 - INFO - Requested https://www.metropolisindia.com/parameter/mucorales-mucormycosis-dna-detection-by-real-time-pcr | Status: 200 | Elapsed: 0.13s | Delay: 3s
2026-10-03 03:39:42,835 - INFO - Requested https://www.metropolisindia.com/parameter/hbv-hepatitis-b-ymdd-ymdd-mutation-by-sequencing-serum | Status: 200 | Elapsed: 0.14s | Delay: 3s
2026-10-03 03:39:46,247 - INFO - Requested https://www.metropolisindia.com/parameter/3-methyl-histidine-quantitative-serum | Status: 200 | Elapsed: 0.12s | Delay: 3s
2026-10-03 03:39:49,650 - INFO - Requested https://www.metropolisindia.com/parameter/sodium | Status: 200 | Elapsed: 0.14s | Delay: 3s
2026-10-03 03:39:52,985 - INFO - Requested https://www.metropolisindia.com/parameter/beta-trace-proteinbtp-csf-leakage-in-body-fluid | Status: 200 | Elapsed: 0.13s | Delay: 3s
2026-10-03 03:39:56,327 - INFO - Requested https://www.metropolisindia.com/parameter/ihc-single-marker-with-reporting-cd57 | Status: 200 | Elapsed: 0.13s | Delay: 3s
2026-10-03 03:39:59,710 - INFO - Requested https://www.metropolisindia.com/parameter/pan-neurotropic-virus-panel-gold-standard-in-diagnosing-aseptic-meningitis-encephalitis | Status: 200 | Elapsed: 0.14s | Delay: 3s
2026-10-03 03:40:02,982 - INFO - Requested https://www.metropolisindia.com/parameter/arsenic-urine-spot-by-icpms | Status: 200 | Elapsed: 0.12s | Delay: 3s
2026-10-03 03:40:06,354 - INFO - Requested https://www.metropolisindia.com/parameter/allergenindividual-tree-pollenmesquitepahadi-keekar-prosopis-juliflora | Status: 200 | Elapsed: 0.13s | Delay: 3s
2026-10-03 03:40:09,747 - INFO - Requested https://www.metropolisindia.com/parameter/allergenindividual-foodlentilmasoor-dal-lens-esculenta | Status: 200 | Elapsed: 0.12s | Delay: 3s
2026-10-03 03:40:13,122 - INFO - Requested https://www.metropolisindia.com/parameter/reducing-substance-stool | Status: 200 | Elapsed: 0.14s | Delay: 3s
2026-10-03 03:40:16,475 - INFO - Requested https://www.metropolisindia.com/parameter/glucose-60-min | Status: 200 | Elapsed: 0.13s | Delay: 3s
2026-10-03 03:40:19,797 - INFO - Requested https://www.metropolisindia.com/parameter/allergenindividual-drugacth | Status: 200 | Elapsed: 0.13s | Delay: 3s
2026-10-03 03:40:23,222 - INFO - Requested https://www.metropolisindia.com/parameter/afp-alpha-feto-proteincliacsf | Status: 200 | Elapsed: 0.15s | Delay: 3s
2026-10-03 03:40:26,668 - INFO - Requested https://www.metropolisindia.com/parameter/rbc-folate | Status: 200 | Elapsed: 0.14s | Delay: 3s
2026-10-03 03:40:30,076 - INFO - Requested https://www.metropolisindia.com/parameter/glycine-quantitative-urine-24h | Status: 200 | Elapsed: 0.12s | Delay: 3s
2026-10-03 03:40:33,492 - INFO - Requested https://www.metropolisindia.com/parameter/cortisol-free-urine-24h | Status: 200 | Elapsed: 0.14s | Delay: 3s
2026-10-03 03:40:37,084 - INFO - Requested https://www.metropolisindia.com/parameter/anti-b-titre | Status: 200 | Elapsed: 0.27s | Delay: 3s
2026-10-03 03:40:40,547 - INFO - Requested https://www.metropolisindia.com/parameter/menopause-monitoring-profile | Status: 200 | Elapsed: 0.13s | Delay: 3s
2026-10-03 03:40:43,939 - INFO - Requested https://www.metropolisindia.com/parameter/methyl-malonic-acid-qualitative-urine-spot | Status: 200 | Elapsed: 0.12s | Delay: 3s
2026-10-03 03:40:47,443 - INFO - Requested https://www.metropolisindia.com/parameter/nicotine-metabolitequantitativeserum | Status: 200 | Elapsed: 0.13s | Delay: 3s
2026-10-03 03:40:50,910 - INFO - Requested https://www.metropolisindia.com/parameter/galactose-screeningblood | Status: 200 | Elapsed: 0.13s | Delay: 3s
2026-10-03 03:40:54,398 - INFO - Requested https://www.metropolisindia.com/parameter/allergenindividual-weed-pollencockleburxanthium-commune | Status: 200 | Elapsed: 0.12s | Delay: 3s
2026-10-03 03:40:57,760 - INFO - Requested https://www.metropolisindia.com/parameter/afb-drug-susceptibility-panel-14-drugs | Status: 200 | Elapsed: 0.13s | Delay: 3s
2026-10-03 03:41:01,139 - INFO - Requested https://www.metropolisindia.com/parameter/allergenindividual-foodmushroomchampignon-agaricus-hortensis | Status: 200 | Elapsed: 0.13s | Delay: 3s
2026-10-03 03:41:01,139 - INFO - --- PROGRESS REPORT --- Reqs(200): 978 | 404s: 72 | Packages: 60 | Profiles: 74 | Tests: 976 | 429s: 0 | Retries: 0 | Errors: 0 | Delay: 3s | Remaining: 540
2026-10-03 03:41:04,551 - INFO - Requested https://www.metropolisindia.com/parameter/allergenindividual-foodpineappleananas | Status: 200 | Elapsed: 0.13s | Delay: 3s
2026-10-03 03:41:07,898 - INFO - Requested https://www.metropolisindia.com/parameter/beta-2-glycoprotein-iigg-antibodyserum | Status: 200 | Elapsed: 0.14s | Delay: 3s
2026-10-03 03:41:11,326 - INFO - Requested https://www.metropolisindia.com/parameter/boh-bad-obstetric-history-profile-maxi | Status: 200 | Elapsed: 0.14s | Delay: 3s
2026-10-03 03:41:14,771 - INFO - Requested https://www.metropolisindia.com/parameter/proteins-peritoneal-fluid | Status: 200 | Elapsed: 0.13s | Delay: 3s
2026-10-03 03:41:18,216 - INFO - Requested https://www.metropolisindia.com/parameter/mtb-xpert-xdr-rapid-extra-pulmonary | Status: 200 | Elapsed: 0.17s | Delay: 3s
2026-10-03 03:41:21,594 - INFO - Requested https://www.metropolisindia.com/parameter/allergy-non-vegetarian-panel | Status: 200 | Elapsed: 0.14s | Delay: 3s
2026-10-03 03:41:25,031 - INFO - Requested https://www.metropolisindia.com/parameter/anti-a-titre | Status: 200 | Elapsed: 0.13s | Delay: 3s
2026-10-03 03:41:28,466 - INFO - Requested https://www.metropolisindia.com/parameter/tacrolimus-by-lcms-blood-t0033 | Status: 200 | Elapsed: 0.14s | Delay: 3s
2026-10-03 03:41:31,847 - INFO - Requested https://www.metropolisindia.com/parameter/nor-metanephrine-hplc-urine-24-hrs | Status: 200 | Elapsed: 0.14s | Delay: 3s
2026-10-03 03:41:35,251 - INFO - Requested https://www.metropolisindia.com/parameter/ihc-single-marker-with-reporting-ca-125 | Status: 200 | Elapsed: 0.13s | Delay: 3s
2026-10-03 03:41:38,710 - INFO - Requested https://www.metropolisindia.com/parameter/allergenindividual-insectcockroach-germanblatella-germanica | Status: 200 | Elapsed: 0.14s | Delay: 3s
2026-10-03 03:41:42,268 - INFO - Requested https://www.metropolisindia.com/parameter/nickel-by-icpms | Status: 200 | Elapsed: 0.13s | Delay: 3s
2026-10-03 03:41:45,676 - INFO - Requested https://www.metropolisindia.com/parameter/urine-sugar-2-hrs-post-prandial-u8004 | Status: 200 | Elapsed: 0.13s | Delay: 3s
2026-10-03 03:41:49,074 - INFO - Requested https://www.metropolisindia.com/parameter/gene-panel-early-onset-juvenile-parkinsonism | Status: 200 | Elapsed: 0.14s | Delay: 3s
2026-10-03 03:41:52,426 - INFO - Requested https://www.metropolisindia.com/parameter/lipid-profile-3-non-fasting | Status: 200 | Elapsed: 0.13s | Delay: 3s
2026-10-03 03:41:55,933 - INFO - Requested https://www.metropolisindia.com/parameter/fragile-x-fmr1-cgg-repeat-analysis | Status: 200 | Elapsed: 0.13s | Delay: 3s
2026-10-03 03:41:59,379 - INFO - Requested https://www.metropolisindia.com/parameter/nmda-receptor-antibody-nr1autoimmune-encephalitisserum | Status: 200 | Elapsed: 0.17s | Delay: 3s
2026-10-03 03:42:02,866 - INFO - Requested https://www.metropolisindia.com/parameter/magnesium-test | Status: 200 | Elapsed: 0.16s | Delay: 3s
2026-10-03 03:42:06,338 - INFO - Requested https://www.metropolisindia.com/parameter/vitamin-b1-thiamine-edta-whole-blood-by-hplc-v0009 | Status: 200 | Elapsed: 0.15s | Delay: 3s
2026-10-03 03:42:09,814 - INFO - Requested https://www.metropolisindia.com/parameter/thyroid-panel-t3-t4-tsh | Status: 200 | Elapsed: 0.15s | Delay: 3s
2026-10-03 03:42:13,235 - INFO - Requested https://www.metropolisindia.com/parameter/calreticulin-calr-exon-9-mutation-analysis-bone-marrow | Status: 200 | Elapsed: 0.13s | Delay: 3s
2026-10-03 03:42:16,591 - INFO - Requested https://www.metropolisindia.com/parameter/high-resolution-hla-typing-a-b-c-dp-dq-dr | Status: 200 | Elapsed: 0.14s | Delay: 3s
2026-10-03 03:42:19,989 - INFO - Requested https://www.metropolisindia.com/parameter/histone-antibodyserum | Status: 200 | Elapsed: 0.13s | Delay: 3s
2026-10-03 03:42:23,355 - INFO - Requested https://www.metropolisindia.com/parameter/mthfr-c677ta1298c-mutations | Status: 200 | Elapsed: 0.15s | Delay: 3s
2026-10-03 03:42:26,843 - INFO - Requested https://www.metropolisindia.com/parameter/afb-susceptibility-linezolid | Status: 200 | Elapsed: 0.15s | Delay: 3s
2026-10-03 03:42:26,844 - INFO - --- PROGRESS REPORT --- Reqs(200): 1003 | 404s: 72 | Packages: 60 | Profiles: 74 | Tests: 1001 | 429s: 0 | Retries: 0 | Errors: 0 | Delay: 3s | Remaining: 515
2026-10-03 03:42:30,240 - INFO - Requested https://www.metropolisindia.com/parameter/hbv-hepatitis-b-detection-qualitative | Status: 200 | Elapsed: 0.13s | Delay: 3s
2026-10-03 03:42:33,563 - INFO - Requested https://www.metropolisindia.com/parameter/alternaria-alternataspecific-igg | Status: 200 | Elapsed: 0.14s | Delay: 3s
2026-10-03 03:42:36,924 - INFO - Requested https://www.metropolisindia.com/parameter/uric-acid-serum | Status: 200 | Elapsed: 0.14s | Delay: 3s
2026-10-03 03:42:40,375 - INFO - Requested https://www.metropolisindia.com/parameter/tsh-receptor-antibody-lats-tsi-serum | Status: 200 | Elapsed: 0.14s | Delay: 3s
2026-10-03 03:42:43,721 - INFO - Requested https://www.metropolisindia.com/parameter/free-lambda-light-chain-serum | Status: 200 | Elapsed: 0.12s | Delay: 3s
2026-10-03 03:42:47,181 - INFO - Requested https://www.metropolisindia.com/parameter/chloridesbody-fluid | Status: 200 | Elapsed: 0.13s | Delay: 3s
2026-10-03 03:42:50,601 - INFO - Requested https://www.metropolisindia.com/parameter/hla-typing-abc-dr-dq-loci-class-i-ii-luminex | Status: 200 | Elapsed: 0.13s | Delay: 3s
2026-10-03 03:42:54,038 - INFO - Requested https://www.metropolisindia.com/parameter/urea-clearance-testserum | Status: 200 | Elapsed: 0.13s | Delay: 3s
2026-10-03 03:42:57,474 - INFO - Requested https://www.metropolisindia.com/parameter/glucose-urine-spot | Status: 200 | Elapsed: 0.13s | Delay: 3s
2026-10-03 03:43:00,778 - INFO - Requested https://www.metropolisindia.com/parameter/cystic-fibrosis-cf-delta-f508-mutation-analysis | Status: 200 | Elapsed: 0.13s | Delay: 3s
2026-10-03 03:43:04,070 - INFO - Requested https://www.metropolisindia.com/parameter/methaquolone-qualitative-urine-spot | Status: 200 | Elapsed: 0.14s | Delay: 3s
2026-10-03 03:43:07,477 - INFO - Requested https://www.metropolisindia.com/parameter/acid-phosphatasetotal-and-prostatic-fractionserum | Status: 200 | Elapsed: 0.14s | Delay: 3s
2026-10-03 03:43:10,976 - INFO - Requested https://www.metropolisindia.com/parameter/acthadreno-corticotropic-hormoneplasma | Status: 200 | Elapsed: 0.14s | Delay: 3s
2026-10-03 03:43:14,362 - INFO - Requested https://www.metropolisindia.com/parameter/occult-blood-urine | Status: 200 | Elapsed: 0.14s | Delay: 3s
2026-10-03 03:43:17,970 - INFO - Requested https://www.metropolisindia.com/parameter/kaolin-clotting-time | Status: 200 | Elapsed: 0.34s | Delay: 3s
2026-10-03 03:43:21,342 - INFO - Requested https://www.metropolisindia.com/parameter/total-t3 | Status: 200 | Elapsed: 0.13s | Delay: 3s
2026-10-03 03:43:24,783 - INFO - Requested https://www.metropolisindia.com/parameter/allergenindividual-foodcoriander | Status: 200 | Elapsed: 0.13s | Delay: 3s
2026-10-03 03:43:28,150 - INFO - Requested https://www.metropolisindia.com/parameter/hla-pra-identification-class-i-panel-reactive-antibody-luminex | Status: 200 | Elapsed: 0.13s | Delay: 3s
2026-10-03 03:43:31,534 - INFO - Requested https://www.metropolisindia.com/parameter/any-specimen-with-reflex-ihc | Status: 200 | Elapsed: 0.13s | Delay: 3s
2026-10-03 03:43:34,933 - INFO - Requested https://www.metropolisindia.com/parameter/ihc-single-marker-with-reporting-cd43 | Status: 200 | Elapsed: 0.13s | Delay: 3s
2026-10-03 03:43:38,331 - INFO - Requested https://www.metropolisindia.com/parameter/measles-rubeola-virusigm-antibodyserum | Status: 200 | Elapsed: 0.14s | Delay: 3s
2026-10-03 03:43:41,728 - INFO - Requested https://www.metropolisindia.com/parameter/alpha-fetoprotein-amniotic-fluid-afp-af | Status: 200 | Elapsed: 0.13s | Delay: 3s
2026-10-03 03:43:45,186 - INFO - Requested https://www.metropolisindia.com/parameter/gram-stain-other-samples | Status: 200 | Elapsed: 0.13s | Delay: 3s
2026-10-03 03:43:48,613 - INFO - Requested https://www.metropolisindia.com/parameter/calculus-stone-analysis-by-automated-ftir-gall-bladder-calculus | Status: 200 | Elapsed: 0.14s | Delay: 3s
2026-10-03 03:43:52,042 - INFO - Requested https://www.metropolisindia.com/parameter/ihc-single-marker-with-reporting-beta-catenin | Status: 200 | Elapsed: 0.13s | Delay: 3s
2026-10-03 03:43:52,043 - INFO - --- PROGRESS REPORT --- Reqs(200): 1028 | 404s: 72 | Packages: 60 | Profiles: 74 | Tests: 1026 | 429s: 0 | Retries: 0 | Errors: 0 | Delay: 3s | Remaining: 490
2026-10-03 03:43:55,573 - INFO - Requested https://www.metropolisindia.com/parameter/hiv-1-drug-resistance-test | Status: 200 | Elapsed: 0.13s | Delay: 3s
2026-10-03 03:43:58,972 - INFO - Requested https://www.metropolisindia.com/parameter/nextgen-non-invasive-prenatal-screening-test | Status: 200 | Elapsed: 0.14s | Delay: 3s
2026-10-03 03:44:02,374 - INFO - Requested https://www.metropolisindia.com/parameter/allergy-screening-tryptase | Status: 200 | Elapsed: 0.13s | Delay: 3s
2026-10-03 03:44:05,804 - INFO - Requested https://www.metropolisindia.com/parameter/afb-rapid-culture-by-bactec-mgit-blood | Status: 200 | Elapsed: 0.18s | Delay: 3s
2026-10-03 03:44:09,214 - INFO - Requested https://www.metropolisindia.com/parameter/cd-4cd-8 | Status: 200 | Elapsed: 0.14s | Delay: 3s
2026-10-03 03:44:12,624 - INFO - Requested https://www.metropolisindia.com/parameter/cytology-brush-cytology-by-conventional-method | Status: 200 | Elapsed: 0.14s | Delay: 3s
2026-10-03 03:44:15,920 - INFO - Requested https://www.metropolisindia.com/parameter/lipoproteins-lp-a | Status: 200 | Elapsed: 0.12s | Delay: 3s
2026-10-03 03:44:19,350 - INFO - Requested https://www.metropolisindia.com/parameter/scc-ta4-antigen-serum | Status: 200 | Elapsed: 0.13s | Delay: 3s
2026-10-03 03:44:22,743 - INFO - Requested https://www.metropolisindia.com/parameter/cryptococcus-antigen-detection-serum | Status: 200 | Elapsed: 0.13s | Delay: 3s
2026-10-03 03:44:26,314 - INFO - Requested https://www.metropolisindia.com/parameter/braf-v600e-mutation-analysis-hairy-cell-leukemia | Status: 200 | Elapsed: 0.15s | Delay: 3s
2026-10-03 03:44:29,667 - INFO - Requested https://www.metropolisindia.com/parameter/flt-3-aml-by-pcr-itd-d835-blood | Status: 200 | Elapsed: 0.12s | Delay: 3s
2026-10-03 03:44:33,092 - INFO - Requested https://www.metropolisindia.com/parameter/allergenindividual-foodchilipeppercapsicum-frutescens | Status: 200 | Elapsed: 0.12s | Delay: 3s
2026-10-03 03:44:36,567 - INFO - Requested https://www.metropolisindia.com/parameter/cd103 | Status: 200 | Elapsed: 0.15s | Delay: 3s
2026-10-03 03:44:40,182 - INFO - Requested https://www.metropolisindia.com/parameter/asma-smooth-muscle-antibody-serum | Status: 200 | Elapsed: 0.15s | Delay: 3s
2026-10-03 03:44:43,621 - INFO - Requested https://www.metropolisindia.com/parameter/allergenindividual-foodstrawberryfragaria-vesca | Status: 200 | Elapsed: 0.13s | Delay: 3s
2026-10-03 03:44:47,004 - INFO - Requested https://www.metropolisindia.com/parameter/thyroid-cancer-mutation-panel-ffpe-tissye | Status: 200 | Elapsed: 0.13s | Delay: 3s
2026-10-03 03:44:50,347 - INFO - Requested https://www.metropolisindia.com/parameter/bilirubin-total | Status: 200 | Elapsed: 0.13s | Delay: 3s
2026-10-03 03:44:53,717 - INFO - Requested https://www.metropolisindia.com/parameter/chlamydia-trachomatisigm-antibodyserum | Status: 200 | Elapsed: 0.12s | Delay: 3s
2026-10-03 03:44:57,224 - INFO - Requested https://www.metropolisindia.com/parameter/lkm1-by-ifaliver-kidney-microsomesreflex-to-end-point-titre | Status: 200 | Elapsed: 0.14s | Delay: 3s
2026-10-03 03:45:00,587 - INFO - Requested https://www.metropolisindia.com/parameter/fungal-stain-skin | Status: 200 | Elapsed: 0.13s | Delay: 3s
2026-10-03 03:45:04,017 - INFO - Requested https://www.metropolisindia.com/parameter/combine-screening-of-pre-eclampsia-trisomys | Status: 200 | Elapsed: 0.15s | Delay: 3s
2026-10-03 03:45:07,397 - INFO - Requested https://www.metropolisindia.com/parameter/allergenindividual-tree-pollen-oak-quercus-alba | Status: 200 | Elapsed: 0.12s | Delay: 3s
2026-10-03 03:45:10,839 - INFO - Requested https://www.metropolisindia.com/parameter/drugs-of-abuse-panel-5-drug-panel | Status: 200 | Elapsed: 0.13s | Delay: 3s
2026-10-03 03:45:14,164 - INFO - Requested https://www.metropolisindia.com/parameter/afb-dna-detection-by-real-time-pcr-other-samples | Status: 200 | Elapsed: 0.15s | Delay: 3s
2026-10-03 03:45:17,596 - INFO - Requested https://www.metropolisindia.com/parameter/proteins-ascitic-fluid | Status: 200 | Elapsed: 0.13s | Delay: 3s
2026-10-03 03:45:17,596 - INFO - --- PROGRESS REPORT --- Reqs(200): 1053 | 404s: 72 | Packages: 60 | Profiles: 74 | Tests: 1051 | 429s: 0 | Retries: 0 | Errors: 0 | Delay: 3s | Remaining: 465
2026-10-03 03:45:21,073 - INFO - Requested https://www.metropolisindia.com/parameter/protein-c-antigen-citrated-plasma-p0095 | Status: 200 | Elapsed: 0.13s | Delay: 3s
2026-10-03 03:45:24,555 - INFO - Requested https://www.metropolisindia.com/parameter/wbc-total-counts | Status: 200 | Elapsed: 0.14s | Delay: 3s
2026-10-03 03:45:28,004 - INFO - Requested https://www.metropolisindia.com/parameter/sickling-test | Status: 200 | Elapsed: 0.13s | Delay: 3s
2026-10-03 03:45:31,353 - INFO - Requested https://www.metropolisindia.com/parameter/dopamine-hplc-24-hrs-urine | Status: 200 | Elapsed: 0.13s | Delay: 3s
2026-10-03 03:45:34,797 - INFO - Requested https://www.metropolisindia.com/parameter/bullous-pemphigoid-180-vesiculobullous-disorders-serum | Status: 200 | Elapsed: 0.16s | Delay: 3s
2026-10-03 03:45:38,312 - INFO - Requested https://www.metropolisindia.com/parameter/bicarbonate-test-total-co2-test | Status: 200 | Elapsed: 0.17s | Delay: 3s
2026-10-03 03:45:41,753 - INFO - Requested https://www.metropolisindia.com/parameter/creatinine-quantitative-urine-24h | Status: 200 | Elapsed: 0.13s | Delay: 3s
2026-10-03 03:45:45,201 - INFO - Requested https://www.metropolisindia.com/parameter/17-hydroxy-progesteroneby-riaserum | Status: 200 | Elapsed: 0.13s | Delay: 3s
2026-10-03 03:45:48,637 - INFO - Requested https://www.metropolisindia.com/parameter/aluminum-in-serum-by-graphite-furnace-aas-a0414 | Status: 200 | Elapsed: 0.14s | Delay: 3s
2026-10-03 03:45:51,987 - INFO - Requested https://www.metropolisindia.com/parameter/ihc-single-marker-with-reporting-cd45-lca | Status: 200 | Elapsed: 0.13s | Delay: 3s
2026-10-03 03:45:55,499 - INFO - Requested https://www.metropolisindia.com/parameter/aceangiotensin-converting-enzymecsf | Status: 200 | Elapsed: 0.14s | Delay: 3s
2026-10-03 03:45:58,939 - INFO - Requested https://www.metropolisindia.com/parameter/adaadenosine-deaminasepus | Status: 200 | Elapsed: 0.13s | Delay: 3s
2026-10-03 03:46:02,330 - INFO - Requested https://www.metropolisindia.com/parameter/amh-premium | Status: 200 | Elapsed: 0.13s | Delay: 3s
2026-10-03 03:46:05,641 - INFO - Requested https://www.metropolisindia.com/parameter/chromosomal-array-cnvsnp-array-poc | Status: 404 | Elapsed: 0.08s | Delay: 3s
2026-10-03 03:46:05,641 - WARNING - HTTP 404 Not Found on https://www.metropolisindia.com/parameter/chromosomal-array-cnvsnp-array-poc. Skipping permanently.
2026-10-03 03:46:08,799 - INFO - Requested https://www.metropolisindia.com/parameter/culture-sensitivity-urine | Status: 200 | Elapsed: 0.16s | Delay: 3s
2026-10-03 03:46:12,212 - INFO - Requested https://www.metropolisindia.com/parameter/brucella-antibodies-igg-antibody-serum | Status: 200 | Elapsed: 0.13s | Delay: 3s
2026-10-03 03:46:15,717 - INFO - Requested https://www.metropolisindia.com/parameter/musk-antibodymyasthenia-gravisserum | Status: 200 | Elapsed: 0.13s | Delay: 3s
2026-10-03 03:46:19,029 - INFO - Requested https://www.metropolisindia.com/parameter/urea-nitrogen-body-fluid | Status: 200 | Elapsed: 0.13s | Delay: 3s
2026-10-03 03:46:22,419 - INFO - Requested https://www.metropolisindia.com/parameter/sgpt-alt-serum | Status: 200 | Elapsed: 0.13s | Delay: 3s
2026-10-03 03:46:25,854 - INFO - Requested https://www.metropolisindia.com/parameter/nmyc-gene-amplication | Status: 200 | Elapsed: 0.14s | Delay: 3s
2026-10-03 03:46:29,315 - INFO - Requested https://www.metropolisindia.com/parameter/methadone-dolophine-urine-spot | Status: 200 | Elapsed: 0.13s | Delay: 3s
2026-10-03 03:46:32,675 - INFO - Requested https://www.metropolisindia.com/parameter/bronchoalveolar-lavage-bal-by-lbc | Status: 200 | Elapsed: 0.13s | Delay: 3s
2026-10-03 03:46:35,998 - INFO - Requested https://www.metropolisindia.com/parameter/biofire-film-array-pneumonia-panel-lower-respiratory-tract | Status: 200 | Elapsed: 0.13s | Delay: 3s
2026-10-03 03:46:39,375 - INFO - Requested https://www.metropolisindia.com/parameter/allergenindividual-micro-organismalternaria-teniusfungus | Status: 200 | Elapsed: 0.14s | Delay: 3s
2026-10-03 03:46:42,750 - INFO - Requested https://www.metropolisindia.com/parameter/cyclospora-by-smear-examination | Status: 200 | Elapsed: 0.14s | Delay: 3s
2026-10-03 03:46:42,751 - INFO - --- PROGRESS REPORT --- Reqs(200): 1077 | 404s: 73 | Packages: 60 | Profiles: 74 | Tests: 1076 | 429s: 0 | Retries: 0 | Errors: 0 | Delay: 3s | Remaining: 441
2026-10-03 03:46:46,225 - INFO - Requested https://www.metropolisindia.com/parameter/kappa-and-lambda-freelite-serum | Status: 200 | Elapsed: 0.14s | Delay: 3s
2026-10-03 03:46:49,685 - INFO - Requested https://www.metropolisindia.com/parameter/aldosteroneelisaserum | Status: 200 | Elapsed: 0.13s | Delay: 3s
2026-10-03 03:46:53,064 - INFO - Requested https://www.metropolisindia.com/parameter/ihc-single-marker-with-reporting-calcitonin | Status: 200 | Elapsed: 0.13s | Delay: 3s
2026-10-03 03:46:56,728 - INFO - Requested https://www.metropolisindia.com/parameter/anaemia-profile-mini | Status: 200 | Elapsed: 0.37s | Delay: 3s
2026-10-03 03:47:00,264 - INFO - Requested https://www.metropolisindia.com/parameter/cd4-cd-8-by-flow-cytometry-body-fluid | Status: 200 | Elapsed: 0.14s | Delay: 3s
2026-10-03 03:47:03,642 - INFO - Requested https://www.metropolisindia.com/parameter/weil-felix-test-for-rickettsia-serum | Status: 200 | Elapsed: 0.14s | Delay: 3s
2026-10-03 03:47:07,050 - INFO - Requested https://www.metropolisindia.com/parameter/chimerism-pre-transplant-str-analysis-donor-recipient | Status: 200 | Elapsed: 0.13s | Delay: 3s
2026-10-03 03:47:10,424 - INFO - Requested https://www.metropolisindia.com/parameter/ferric-chloride-urine-f0017 | Status: 200 | Elapsed: 0.13s | Delay: 3s
2026-10-03 03:47:13,794 - INFO - Requested https://www.metropolisindia.com/parameter/il-28-b-snp-genotyping-test-blood | Status: 200 | Elapsed: 0.13s | Delay: 3s
2026-10-03 03:47:17,190 - INFO - Requested https://www.metropolisindia.com/parameter/igetotal-antibodyserum | Status: 200 | Elapsed: 0.14s | Delay: 3s
2026-10-03 03:47:20,571 - INFO - Requested https://www.metropolisindia.com/parameter/allergenindividual-weed-pollenmugwortsita-bani-artemisia-vulgaris-banobarna | Status: 200 | Elapsed: 0.13s | Delay: 3s
2026-10-03 03:47:23,931 - INFO - Requested https://www.metropolisindia.com/parameter/17-hydroxy-progesteroneneonatal-screendried-blood-spot | Status: 200 | Elapsed: 0.13s | Delay: 3s
2026-10-03 03:47:27,277 - INFO - Requested https://www.metropolisindia.com/parameter/boh-bad-obstetric-history-profile-mini | Status: 200 | Elapsed: 0.13s | Delay: 3s
2026-10-03 03:47:30,682 - INFO - Requested https://www.metropolisindia.com/parameter/methyl-malonic-acid-quantitative-urine-spot | Status: 200 | Elapsed: 0.13s | Delay: 3s
2026-10-03 03:47:34,059 - INFO - Requested https://www.metropolisindia.com/parameter/panfungal-dna-detection-and-identification-by-pcr-and-sanger-sequencing | Status: 200 | Elapsed: 0.15s | Delay: 3s
2026-10-03 03:47:37,438 - INFO - Requested https://www.metropolisindia.com/parameter/hsv-12-herpes-simplex-virus-12-dna-detection-by-real-time-pcr-csf | Status: 200 | Elapsed: 0.16s | Delay: 3s
2026-10-03 03:47:40,852 - INFO - Requested https://www.metropolisindia.com/parameter/ihc-single-marker-with-reporting-c-erb-b2-for-gastric-carcinoma-her2-neu | Status: 200 | Elapsed: 0.15s | Delay: 3s
2026-10-03 03:47:44,317 - INFO - Requested https://www.metropolisindia.com/parameter/covid-19-rt-pcr-test | Status: 200 | Elapsed: 0.17s | Delay: 3s
2026-10-03 03:47:47,708 - INFO - Requested https://www.metropolisindia.com/parameter/ebv-dna-detection-by-pcr-blood | Status: 200 | Elapsed: 0.13s | Delay: 3s
2026-10-03 03:47:51,148 - INFO - Requested https://www.metropolisindia.com/parameter/pericardial-fluid-by-conventional-method | Status: 200 | Elapsed: 0.13s | Delay: 3s
2026-10-03 03:47:54,561 - INFO - Requested https://www.metropolisindia.com/parameter/5-nucleotidase-activity-serum | Status: 200 | Elapsed: 0.14s | Delay: 3s
2026-10-03 03:47:57,935 - INFO - Requested https://www.metropolisindia.com/parameter/aldehyde-chopra-test-for-kala-azar-serum | Status: 200 | Elapsed: 0.13s | Delay: 3s
2026-10-03 03:48:01,392 - INFO - Requested https://www.metropolisindia.com/parameter/asparagine-quantitative-serum | Status: 200 | Elapsed: 0.14s | Delay: 3s
2026-10-03 03:48:04,724 - INFO - Requested https://www.metropolisindia.com/parameter/cmv-dna-detection-by-real-time-pcr-plasma | Status: 200 | Elapsed: 0.14s | Delay: 3s
2026-10-03 03:48:08,089 - INFO - Requested https://www.metropolisindia.com/parameter/allergy-fruit-panel | Status: 200 | Elapsed: 0.13s | Delay: 3s
2026-10-03 03:48:08,089 - INFO - --- PROGRESS REPORT --- Reqs(200): 1102 | 404s: 73 | Packages: 60 | Profiles: 74 | Tests: 1101 | 429s: 0 | Retries: 0 | Errors: 0 | Delay: 3s | Remaining: 416
2026-10-03 03:48:11,445 - INFO - Requested https://www.metropolisindia.com/parameter/allergy-git-panel | Status: 200 | Elapsed: 0.13s | Delay: 3s
2026-10-03 03:48:14,897 - INFO - Requested https://www.metropolisindia.com/parameter/leptospira-detection-by-smear-examination-urine | Status: 200 | Elapsed: 0.13s | Delay: 3s
2026-10-03 03:48:18,297 - INFO - Requested https://www.metropolisindia.com/parameter/cystatin-cserum | Status: 200 | Elapsed: 0.13s | Delay: 3s
2026-10-03 03:48:21,659 - INFO - Requested https://www.metropolisindia.com/parameter/beta-carotene | Status: 200 | Elapsed: 0.13s | Delay: 3s
2026-10-03 03:48:25,083 - INFO - Requested https://www.metropolisindia.com/parameter/cd-4-counts | Status: 200 | Elapsed: 0.14s | Delay: 3s
2026-10-03 03:48:28,461 - INFO - Requested https://www.metropolisindia.com/parameter/ihc-single-marker-with-reporting-bcl-6-oncoprotein | Status: 200 | Elapsed: 0.14s | Delay: 3s
2026-10-03 03:48:31,918 - INFO - Requested https://www.metropolisindia.com/parameter/metanephrine-fractionated | Status: 200 | Elapsed: 0.13s | Delay: 3s
2026-10-03 03:48:35,353 - INFO - Requested https://www.metropolisindia.com/parameter/estrone-serum | Status: 200 | Elapsed: 0.14s | Delay: 3s
2026-10-03 03:48:38,707 - INFO - Requested https://www.metropolisindia.com/parameter/hbv-hepatitis-b-genotype-drug-resistance-test-by-sequencing-blood | Status: 200 | Elapsed: 0.13s | Delay: 3s
2026-10-03 03:48:42,084 - INFO - Requested https://www.metropolisindia.com/parameter/hepatitis-c-virushcv-anti-hcv-total-antibody-reflex-hcv-rna-qualitative-serum | Status: 200 | Elapsed: 0.13s | Delay: 3s
2026-10-03 03:48:45,534 - INFO - Requested https://www.metropolisindia.com/parameter/ascitic-fluid-by-conventional-method | Status: 200 | Elapsed: 0.13s | Delay: 3s
2026-10-03 03:48:48,938 - INFO - Requested https://www.metropolisindia.com/parameter/hiv-ii-western-blot-test | Status: 200 | Elapsed: 0.14s | Delay: 3s
2026-10-03 03:48:52,392 - INFO - Requested https://www.metropolisindia.com/parameter/calciumcreatinine-ratio-spot-sample | Status: 200 | Elapsed: 0.14s | Delay: 3s
2026-10-03 03:48:55,787 - INFO - Requested https://www.metropolisindia.com/parameter/glutamine-quantitative-urine-24h | Status: 200 | Elapsed: 0.13s | Delay: 3s
2026-10-03 03:48:59,212 - INFO - Requested https://www.metropolisindia.com/parameter/anca-by-ifa-reflex-mpopr3-antibodies | Status: 200 | Elapsed: 0.13s | Delay: 3s
2026-10-03 03:49:02,732 - INFO - Requested https://www.metropolisindia.com/parameter/tbinterferonygamma-release-assay-igra4-tube | Status: 200 | Elapsed: 0.14s | Delay: 3s
2026-10-03 03:49:06,180 - INFO - Requested https://www.metropolisindia.com/parameter/bile-acids-totalbiochemicalserum | Status: 200 | Elapsed: 0.13s | Delay: 3s
2026-10-03 03:49:09,666 - INFO - Requested https://www.metropolisindia.com/parameter/protein-s-activity-plasma | Status: 200 | Elapsed: 0.14s | Delay: 3s
2026-10-03 03:49:13,135 - INFO - Requested https://www.metropolisindia.com/parameter/ldl-cholesterol-test | Status: 200 | Elapsed: 0.13s | Delay: 3s
2026-10-03 03:49:16,565 - INFO - Requested https://www.metropolisindia.com/parameter/allergy-environmental-panel | Status: 200 | Elapsed: 0.13s | Delay: 3s
2026-10-03 03:49:20,052 - INFO - Requested https://www.metropolisindia.com/parameter/hepatitis-e-viushevanti-hev-igmserum | Status: 200 | Elapsed: 0.13s | Delay: 3s
2026-10-03 03:49:23,572 - INFO - Requested https://www.metropolisindia.com/parameter/lithium-spot-urine | Status: 200 | Elapsed: 0.13s | Delay: 3s
2026-10-03 03:49:26,879 - INFO - Requested https://www.metropolisindia.com/parameter/insulin-post-glucose-serum-by-cmia | Status: 200 | Elapsed: 0.12s | Delay: 3s
2026-10-03 03:49:30,273 - INFO - Requested https://www.metropolisindia.com/parameter/afb-antibiogram-for-mtb-complex-levofloxacin | Status: 200 | Elapsed: 0.14s | Delay: 3s
2026-10-03 03:49:33,681 - INFO - Requested https://www.metropolisindia.com/parameter/tibc-biochemical-serum | Status: 404 | Elapsed: 0.08s | Delay: 3s
2026-10-03 03:49:33,681 - WARNING - HTTP 404 Not Found on https://www.metropolisindia.com/parameter/tibc-biochemical-serum. Skipping permanently.
2026-10-03 03:49:33,681 - INFO - --- PROGRESS REPORT --- Reqs(200): 1126 | 404s: 74 | Packages: 60 | Profiles: 74 | Tests: 1126 | 429s: 0 | Retries: 0 | Errors: 0 | Delay: 3s | Remaining: 391
2026-10-03 03:49:36,810 - INFO - Requested https://www.metropolisindia.com/parameter/metals-profile-1-spot-urine | Status: 200 | Elapsed: 0.13s | Delay: 3s
2026-10-03 03:49:40,207 - INFO - Requested https://www.metropolisindia.com/parameter/afb-dna-detection-by-real-time-pcr-body-fluid | Status: 200 | Elapsed: 0.14s | Delay: 3s
2026-10-03 03:49:43,594 - INFO - Requested https://www.metropolisindia.com/parameter/cobalt-icpms-urine-spot | Status: 200 | Elapsed: 0.13s | Delay: 3s
2026-10-03 03:49:47,042 - INFO - Requested https://www.metropolisindia.com/parameter/cancer-detection-profile-female | Status: 200 | Elapsed: 0.13s | Delay: 3s
2026-10-03 03:49:50,568 - INFO - Requested https://www.metropolisindia.com/parameter/cytopathology-expert-opinion | Status: 200 | Elapsed: 0.22s | Delay: 3s
2026-10-03 03:49:54,212 - INFO - Requested https://www.metropolisindia.com/parameter/candida-albicans-ab-by-indirect-haemagglutination | Status: 200 | Elapsed: 0.40s | Delay: 3s
2026-10-03 03:49:57,584 - INFO - Requested https://www.metropolisindia.com/parameter/allergy-grass-panel | Status: 200 | Elapsed: 0.14s | Delay: 3s
2026-10-03 03:50:00,985 - INFO - Requested https://www.metropolisindia.com/parameter/fungal-stain-culture-and-identification-tissue | Status: 200 | Elapsed: 0.13s | Delay: 3s
2026-10-03 03:50:04,410 - INFO - Requested https://www.metropolisindia.com/parameter/blood-sugar-post-prandial | Status: 200 | Elapsed: 0.13s | Delay: 3s
2026-10-03 03:50:07,798 - INFO - Requested https://www.metropolisindia.com/parameter/afb-rapid-culture-by-bactec-mgit-sputum | Status: 200 | Elapsed: 0.13s | Delay: 3s
2026-10-03 03:50:11,192 - INFO - Requested https://www.metropolisindia.com/parameter/ihc-single-marker-with-reporting-cd10 | Status: 200 | Elapsed: 0.12s | Delay: 3s
2026-10-03 03:50:14,574 - INFO - Requested https://www.metropolisindia.com/parameter/hiv-2-viral-load-by-real-time-pcr-plasma | Status: 200 | Elapsed: 0.14s | Delay: 3s
2026-10-03 03:50:17,913 - INFO - Requested https://www.metropolisindia.com/parameter/electrolytes-dialysis-fluid | Status: 200 | Elapsed: 0.13s | Delay: 3s
2026-10-03 03:50:21,414 - INFO - Requested https://www.metropolisindia.com/parameter/autoimmune-liver-disease-profile-3 | Status: 200 | Elapsed: 0.13s | Delay: 3s
2026-10-03 03:50:24,645 - INFO - Requested https://www.metropolisindia.com/parameter-primary.xml | Status: 200 | Elapsed: 0.02s | Delay: 3s
2026-10-03 03:50:28,136 - INFO - Requested https://www.metropolisindia.com/parameter/bilirubin-direct | Status: 200 | Elapsed: 0.13s | Delay: 3s
2026-10-03 03:50:31,483 - INFO - Requested https://www.metropolisindia.com/parameter/iron-icpms-urine-24h | Status: 200 | Elapsed: 0.13s | Delay: 3s
2026-10-03 03:50:34,923 - INFO - Requested https://www.metropolisindia.com/parameter/phosphorus | Status: 200 | Elapsed: 0.19s | Delay: 3s
2026-10-03 03:50:38,418 - INFO - Requested https://www.metropolisindia.com/parameter/rnp-sm-antibodyserum | Status: 200 | Elapsed: 0.21s | Delay: 3s
2026-10-03 03:50:41,844 - INFO - Requested https://www.metropolisindia.com/parameter/ecp-eosinophil-cationic-protein | Status: 200 | Elapsed: 0.15s | Delay: 3s
2026-10-03 03:50:45,260 - INFO - Requested https://www.metropolisindia.com/parameter/leukemia-acute-leukemia-panel-blood | Status: 200 | Elapsed: 0.13s | Delay: 3s
2026-10-03 03:50:48,634 - INFO - Requested https://www.metropolisindia.com/parameter/afb-antibiogram-for-mtb-complex-isoniazid | Status: 200 | Elapsed: 0.13s | Delay: 3s
2026-10-03 03:50:52,218 - INFO - Requested https://www.metropolisindia.com/parameter/culture-and-identification-anaerobic-bacteria-high-vagina-discharge | Status: 200 | Elapsed: 0.33s | Delay: 3s
2026-10-03 03:50:55,586 - INFO - Requested https://www.metropolisindia.com/parameter/anti-thrombin-iii-activityfunctionalcitrated-plasma | Status: 200 | Elapsed: 0.14s | Delay: 3s
2026-10-03 03:50:59,024 - INFO - Requested https://www.metropolisindia.com/parameter/diabetes-gold | Status: 200 | Elapsed: 0.13s | Delay: 3s
2026-10-03 03:50:59,025 - INFO - --- PROGRESS REPORT --- Reqs(200): 1151 | 404s: 74 | Packages: 60 | Profiles: 74 | Tests: 1151 | 429s: 0 | Retries: 0 | Errors: 0 | Delay: 3s | Remaining: 367
2026-10-03 03:51:02,475 - INFO - Requested https://www.metropolisindia.com/parameter/culture-sensitivity-aerobic-bacteria-sputum | Status: 200 | Elapsed: 0.14s | Delay: 3s
2026-10-03 03:51:05,824 - INFO - Requested https://www.metropolisindia.com/parameter/cobalt-serum-icpms | Status: 200 | Elapsed: 0.14s | Delay: 3s
2026-10-03 03:51:09,287 - INFO - Requested https://www.metropolisindia.com/parameter/ldh | Status: 200 | Elapsed: 0.13s | Delay: 3s
2026-10-03 03:51:12,743 - INFO - Requested https://www.metropolisindia.com/parameter/fibroblast-growth-factor-23 | Status: 200 | Elapsed: 0.14s | Delay: 3s
2026-10-03 03:51:16,247 - INFO - Requested https://www.metropolisindia.com/parameter/anaemia-profile-haemolytic-type | Status: 200 | Elapsed: 0.13s | Delay: 3s
2026-10-03 03:51:19,646 - INFO - Requested https://www.metropolisindia.com/parameter/dpddeoxypyridinoline-pyrilinks-durine | Status: 200 | Elapsed: 0.13s | Delay: 3s
2026-10-03 03:51:23,110 - INFO - Requested https://www.metropolisindia.com/parameter/allergenindividual-foodpearpyrus-communis | Status: 200 | Elapsed: 0.12s | Delay: 3s
2026-10-03 03:51:26,574 - INFO - Requested https://www.metropolisindia.com/parameter/dehydroepiandrosterone-sulphate-dheas-test | Status: 200 | Elapsed: 0.15s | Delay: 3s
2026-10-03 03:51:30,117 - INFO - Requested https://www.metropolisindia.com/parameter/bone-marrow-iron-stain | Status: 200 | Elapsed: 0.14s | Delay: 3s
2026-10-03 03:51:33,599 - INFO - Requested https://www.metropolisindia.com/parameter/phosphorus-inorganicurine-spot | Status: 200 | Elapsed: 0.15s | Delay: 3s
2026-10-03 03:51:37,185 - INFO - Requested https://www.metropolisindia.com/parameter/alk-d5f3-reflex-fish | Status: 200 | Elapsed: 0.29s | Delay: 3s
2026-10-03 03:51:40,600 - INFO - Requested https://www.metropolisindia.com/parameter/heavy-and-trace-metals-profile-1 | Status: 200 | Elapsed: 0.14s | Delay: 3s
2026-10-03 03:51:44,011 - INFO - Requested https://www.metropolisindia.com/parameter/leukemia-panel-by-fish-cll-leukemic-blood | Status: 200 | Elapsed: 0.13s | Delay: 3s
2026-10-03 03:51:47,428 - INFO - Requested https://www.metropolisindia.com/parameter/beta-2-microglobulincliacsf | Status: 200 | Elapsed: 0.13s | Delay: 3s
2026-10-03 03:51:50,899 - INFO - Requested https://www.metropolisindia.com/parameter/deletion-1p-19q-codeletion | Status: 200 | Elapsed: 0.13s | Delay: 3s
2026-10-03 03:51:54,363 - INFO - Requested https://www.metropolisindia.com/parameter/thallium-icpms-blood | Status: 200 | Elapsed: 0.13s | Delay: 3s
2026-10-03 03:51:57,771 - INFO - Requested https://www.metropolisindia.com/parameter/fungal-stain-culture-and-identification-bone-marrow | Status: 200 | Elapsed: 0.13s | Delay: 3s
2026-10-03 03:52:01,216 - INFO - Requested https://www.metropolisindia.com/parameter/hiv-duo-p24-antigen-antibody-to-hiv1-2-serum | Status: 200 | Elapsed: 0.14s | Delay: 3s
2026-10-03 03:52:04,609 - INFO - Requested https://www.metropolisindia.com/parameter/respiratory-tract-infection-profile-igm | Status: 200 | Elapsed: 0.13s | Delay: 3s
2026-10-03 03:52:07,995 - INFO - Requested https://www.metropolisindia.com/parameter/ihc-single-marker-with-reporting-bcl-2-oncoprotein | Status: 200 | Elapsed: 0.13s | Delay: 3s
2026-10-03 03:52:11,391 - INFO - Requested https://www.metropolisindia.com/parameter/calcitoninthyrocalcitoninserum | Status: 200 | Elapsed: 0.13s | Delay: 3s
2026-10-03 03:52:14,823 - INFO - Requested https://www.metropolisindia.com/parameter/jc-dna-detection-csf | Status: 200 | Elapsed: 0.22s | Delay: 3s
2026-10-03 03:52:18,316 - INFO - Requested https://www.metropolisindia.com/parameter/aldosterone-pra-ratio-aldosterone-and-renin-test | Status: 200 | Elapsed: 0.14s | Delay: 3s
2026-10-03 03:52:21,682 - INFO - Requested https://www.metropolisindia.com/parameter/cyclosporine-by-lcms-blood-c0210 | Status: 200 | Elapsed: 0.12s | Delay: 3s
2026-10-03 03:52:25,100 - INFO - Requested https://www.metropolisindia.com/parameter/allergenindividual-foodgluten | Status: 200 | Elapsed: 0.12s | Delay: 3s
2026-10-03 03:52:25,100 - INFO - --- PROGRESS REPORT --- Reqs(200): 1176 | 404s: 74 | Packages: 60 | Profiles: 74 | Tests: 1176 | 429s: 0 | Retries: 0 | Errors: 0 | Delay: 3s | Remaining: 342
2026-10-03 03:52:28,559 - INFO - Requested https://www.metropolisindia.com/parameter/5-antigen-by-latex-agglutination-serum | Status: 200 | Elapsed: 0.14s | Delay: 3s
2026-10-03 03:52:32,002 - INFO - Requested https://www.metropolisindia.com/parameter/allergenindividual-animaldog-danderserum | Status: 200 | Elapsed: 0.12s | Delay: 3s
2026-10-03 03:52:35,401 - INFO - Requested https://www.metropolisindia.com/parameter/afb-drug-susceptibility-panel-comprehensive-panel-13-drugs | Status: 200 | Elapsed: 0.14s | Delay: 3s
2026-10-03 03:52:38,812 - INFO - Requested https://www.metropolisindia.com/parameter/arginine-quantitative-urine | Status: 200 | Elapsed: 0.14s | Delay: 3s
2026-10-03 03:52:42,384 - INFO - Requested https://www.metropolisindia.com/parameter/allergenindividual-foodplaicefish-pleuronectes-platessa | Status: 200 | Elapsed: 0.14s | Delay: 3s
2026-10-03 03:52:45,975 - INFO - Requested https://www.metropolisindia.com/parameter/cell-count | Status: 200 | Elapsed: 0.14s | Delay: 3s
2026-10-03 03:52:49,377 - INFO - Requested https://www.metropolisindia.com/parameter/ihc-single-marker-with-reporting-ck19 | Status: 200 | Elapsed: 0.13s | Delay: 3s
2026-10-03 03:52:52,762 - INFO - Requested https://www.metropolisindia.com/parameter/lysine-quantitative-urine | Status: 200 | Elapsed: 0.15s | Delay: 3s
2026-10-03 03:52:56,083 - INFO - Requested https://www.metropolisindia.com/parameter/brucella-antibodiesigm-antibodyserum | Status: 200 | Elapsed: 0.13s | Delay: 3s
2026-10-03 03:52:59,366 - INFO - Requested https://www.metropolisindia.com/parameter/osmotic-fragility-test | Status: 200 | Elapsed: 0.14s | Delay: 3s
2026-10-03 03:53:02,952 - INFO - Requested https://www.metropolisindia.com/parameter/thrombin-time-tt | Status: 200 | Elapsed: 0.19s | Delay: 3s
2026-10-03 03:53:06,451 - INFO - Requested https://www.metropolisindia.com/parameter/factor-viii-activity-anti-haemophilia-a-citrated-plasma | Status: 200 | Elapsed: 0.23s | Delay: 3s
2026-10-03 03:53:09,839 - INFO - Requested https://www.metropolisindia.com/parameter/amoebiasis-antibodies-iggigg-antibodyserum | Status: 200 | Elapsed: 0.13s | Delay: 3s
2026-10-03 03:53:13,278 - INFO - Requested https://www.metropolisindia.com/parameter/pap-smear-test | Status: 200 | Elapsed: 0.13s | Delay: 3s
2026-10-03 03:53:16,778 - INFO - Requested https://www.metropolisindia.com/parameter/allergenindividual-foodbananakela-musa-spp | Status: 200 | Elapsed: 0.12s | Delay: 3s
2026-10-03 03:53:20,261 - INFO - Requested https://www.metropolisindia.com/parameter/ihc-single-marker-with-reporting-cd117 | Status: 200 | Elapsed: 0.13s | Delay: 3s
2026-10-03 03:53:23,714 - INFO - Requested https://www.metropolisindia.com/parameter/electrolytes-urine-spot | Status: 200 | Elapsed: 0.13s | Delay: 3s
2026-10-03 03:53:27,102 - INFO - Requested https://www.metropolisindia.com/parameter/histidine-quantitative-serum | Status: 200 | Elapsed: 0.14s | Delay: 3s
2026-10-03 03:53:30,485 - INFO - Requested https://www.metropolisindia.com/parameter/adaadenosine-deaminaseascitic-fluid | Status: 200 | Elapsed: 0.13s | Delay: 3s
2026-10-03 03:53:34,010 - INFO - Requested https://www.metropolisindia.com/parameter/alkaline-phosphatase | Status: 200 | Elapsed: 0.13s | Delay: 3s
2026-10-03 03:53:37,505 - INFO - Requested https://www.metropolisindia.com/parameter/methamphetamine-qualitative-urine-spot | Status: 200 | Elapsed: 0.19s | Delay: 3s
2026-10-03 03:53:40,967 - INFO - Requested https://www.metropolisindia.com/parameter/fish-for-aneuploidy-in-poc-chromosomes-131618-21-22-x-and-y | Status: 200 | Elapsed: 0.13s | Delay: 3s
2026-10-03 03:53:44,522 - INFO - Requested https://www.metropolisindia.com/parameter/allergenindividual-foodchicken-meatmurgi | Status: 200 | Elapsed: 0.14s | Delay: 3s
2026-10-03 03:53:48,149 - INFO - Requested https://www.metropolisindia.com/parameter/pnma2-ma2ta-antibody-p0072 | Status: 200 | Elapsed: 0.22s | Delay: 3s
2026-10-03 03:53:51,508 - INFO - Requested https://www.metropolisindia.com/parameter/amylase-enzymatic-urine-spot | Status: 200 | Elapsed: 0.15s | Delay: 3s
2026-10-03 03:53:51,508 - INFO - --- PROGRESS REPORT --- Reqs(200): 1201 | 404s: 74 | Packages: 60 | Profiles: 74 | Tests: 1201 | 429s: 0 | Retries: 0 | Errors: 0 | Delay: 3s | Remaining: 317
2026-10-03 03:53:54,931 - INFO - Requested https://www.metropolisindia.com/parameter/dengue-igm-antibody | Status: 200 | Elapsed: 0.13s | Delay: 3s
2026-10-03 03:53:58,476 - INFO - Requested https://www.metropolisindia.com/parameter/allergenindividual-foodoliveolea-europaea | Status: 200 | Elapsed: 0.13s | Delay: 3s
2026-10-03 03:54:01,910 - INFO - Requested https://www.metropolisindia.com/parameter/adamts-13-autoantibody | Status: 200 | Elapsed: 0.13s | Delay: 3s
2026-10-03 03:54:05,306 - INFO - Requested https://www.metropolisindia.com/parameter/haptoglobinserum | Status: 200 | Elapsed: 0.13s | Delay: 3s
2026-10-03 03:54:08,686 - INFO - Requested https://www.metropolisindia.com/parameter/oxalate-urine-o0024 | Status: 200 | Elapsed: 0.13s | Delay: 3s
2026-10-03 03:54:12,096 - INFO - Requested https://www.metropolisindia.com/parameter/mpn-comprehensive-panel-blood | Status: 200 | Elapsed: 0.13s | Delay: 3s
2026-10-03 03:54:15,536 - INFO - Requested https://www.metropolisindia.com/parameter/he4-with-roma-index | Status: 200 | Elapsed: 0.14s | Delay: 3s
2026-10-03 03:54:19,054 - INFO - Requested https://www.metropolisindia.com/parameter/allergenindividual-foodcabbagegobi-brassica-oleraceavarcapitata | Status: 200 | Elapsed: 0.13s | Delay: 3s
2026-10-03 03:54:22,435 - INFO - Requested https://www.metropolisindia.com/parameter/alpha-glucosidase-gsd-ii-pompe-blood | Status: 200 | Elapsed: 0.13s | Delay: 3s
2026-10-03 03:54:25,843 - INFO - Requested https://www.metropolisindia.com/parameter/aryl-sulphatase-a-metachromatic-leucodystrophy-blood | Status: 200 | Elapsed: 0.13s | Delay: 3s
2026-10-03 03:54:29,265 - INFO - Requested https://www.metropolisindia.com/parameter/diabetes-risk-assessment-profile | Status: 200 | Elapsed: 0.13s | Delay: 3s
2026-10-03 03:54:32,770 - INFO - Requested https://www.metropolisindia.com/parameter/vitamin-etocopherolserum | Status: 200 | Elapsed: 0.14s | Delay: 3s
2026-10-03 03:54:36,303 - INFO - Requested https://www.metropolisindia.com/parameter/thyroid-panel-4 | Status: 200 | Elapsed: 0.26s | Delay: 3s
2026-10-03 03:54:39,744 - INFO - Requested https://www.metropolisindia.com/parameter/actitest-and-fibrotest | Status: 200 | Elapsed: 0.13s | Delay: 3s
2026-10-03 03:54:43,130 - INFO - Requested https://www.metropolisindia.com/parameter/hcv-hepatitis-c-viral-load-quantitative | Status: 200 | Elapsed: 0.13s | Delay: 3s
2026-10-03 03:54:46,509 - INFO - Requested https://www.metropolisindia.com/parameter/afb-xdr-screen-hains-line-probe-assay-extra-pulmonary-samples | Status: 200 | Elapsed: 0.12s | Delay: 3s
2026-10-03 03:54:50,044 - INFO - Requested https://www.metropolisindia.com/parameter/macro-tsh-tshfree-tsh-recovery | Status: 200 | Elapsed: 0.14s | Delay: 3s
2026-10-03 03:54:53,434 - INFO - Requested https://www.metropolisindia.com/parameter/potassium-urine-24h | Status: 200 | Elapsed: 0.13s | Delay: 3s
2026-10-03 03:54:56,852 - INFO - Requested https://www.metropolisindia.com/parameter/adaadenosine-deaminasepleuralfluid | Status: 200 | Elapsed: 0.12s | Delay: 3s
2026-10-03 03:55:00,285 - INFO - Requested https://www.metropolisindia.com/parameter/ldhlactate-dehydrogenaseperitoneal-fluid | Status: 200 | Elapsed: 0.14s | Delay: 3s
2026-10-03 03:55:03,724 - INFO - Requested https://www.metropolisindia.com/parameter/flow-for-lymphoma-clpd-lymphoma-mrd | Status: 200 | Elapsed: 0.14s | Delay: 3s
2026-10-03 03:55:07,206 - INFO - Requested https://www.metropolisindia.com/parameter/alpha-galactosidase-fabry-blood | Status: 200 | Elapsed: 0.13s | Delay: 3s
2026-10-03 03:55:10,635 - INFO - Requested https://www.metropolisindia.com/parameter/haemophilia-profile | Status: 200 | Elapsed: 0.14s | Delay: 3s
2026-10-03 03:55:14,021 - INFO - Requested https://www.metropolisindia.com/parameter/fibrinogen-plasma-f0023 | Status: 200 | Elapsed: 0.13s | Delay: 3s
2026-10-03 03:55:17,493 - INFO - Requested https://www.metropolisindia.com/parameter/nickel-serum-by-icpms | Status: 200 | Elapsed: 0.13s | Delay: 3s
2026-10-03 03:55:17,493 - INFO - --- PROGRESS REPORT --- Reqs(200): 1226 | 404s: 74 | Packages: 60 | Profiles: 74 | Tests: 1226 | 429s: 0 | Retries: 0 | Errors: 0 | Delay: 3s | Remaining: 292
2026-10-03 03:55:20,862 - INFO - Requested https://www.metropolisindia.com/parameter/chylomicron-qualitativeurine | Status: 200 | Elapsed: 0.13s | Delay: 3s
2026-10-03 03:55:25,989 - INFO - Requested https://www.metropolisindia.com/parameter/total-cholesterol-test | Status: 200 | Elapsed: 0.16s | Delay: 3s
2026-10-03 03:55:29,450 - INFO - Requested https://www.metropolisindia.com/parameter/fever-profile-mini | Status: 200 | Elapsed: 0.14s | Delay: 3s
2026-10-03 03:55:32,860 - INFO - Requested https://www.metropolisindia.com/parameter/prolactin-active-macroprolactin | Status: 200 | Elapsed: 0.14s | Delay: 3s
2026-10-03 03:55:36,333 - INFO - Requested https://www.metropolisindia.com/parameter/growth-hormone-suppression-test-glucose | Status: 200 | Elapsed: 0.14s | Delay: 3s
2026-10-03 03:55:39,693 - INFO - Requested https://www.metropolisindia.com/parameter/sepsis-screen-mdr-pcr-assay | Status: 200 | Elapsed: 0.13s | Delay: 3s
2026-10-03 03:55:43,124 - INFO - Requested https://www.metropolisindia.com/parameter/atherosclerosis-profile-3 | Status: 200 | Elapsed: 0.16s | Delay: 3s
2026-10-03 03:55:46,502 - INFO - Requested https://www.metropolisindia.com/parameter/citrate-urine-24-h-spectrophotometry | Status: 200 | Elapsed: 0.14s | Delay: 3s
2026-10-03 03:55:49,959 - INFO - Requested https://www.metropolisindia.com/parameter/metals-profile-1-edta-whole-blood | Status: 200 | Elapsed: 0.14s | Delay: 3s
2026-10-03 03:55:53,260 - INFO - Requested https://www.metropolisindia.com/parameter/meningitisencephalitis-panel-by-filmarray | Status: 200 | Elapsed: 0.14s | Delay: 3s
2026-10-03 03:55:56,640 - INFO - Requested https://www.metropolisindia.com/parameter/aspergillus-dna-detection-by-real-time-pcr | Status: 200 | Elapsed: 0.13s | Delay: 3s
2026-10-03 03:56:00,043 - INFO - Requested https://www.metropolisindia.com/parameter/allergenindividual-drugsulphaantibiotic | Status: 200 | Elapsed: 0.14s | Delay: 3s
2026-10-03 03:56:03,358 - INFO - Requested https://www.metropolisindia.com/parameter/chlorides-urine-24h | Status: 200 | Elapsed: 0.13s | Delay: 3s
2026-10-03 03:56:06,817 - INFO - Requested https://www.metropolisindia.com/parameter/flow-for-t-all-mrd | Status: 200 | Elapsed: 0.13s | Delay: 3s
2026-10-03 03:56:10,160 - INFO - Requested https://www.metropolisindia.com/parameter/ihc-single-marker-with-reporting-cd68 | Status: 200 | Elapsed: 0.13s | Delay: 3s
2026-10-03 03:56:13,549 - INFO - Requested https://www.metropolisindia.com/parameter/culture-sensitivity-aerobic-bacteria-body-fluids-specify-type | Status: 200 | Elapsed: 0.13s | Delay: 3s
2026-10-03 03:56:16,970 - INFO - Requested https://www.metropolisindia.com/parameter/allergenindividual-foodegg-whiteanda | Status: 200 | Elapsed: 0.13s | Delay: 3s
2026-10-03 03:56:20,584 - INFO - Requested https://www.metropolisindia.com/parameter/coombs-test-indirectindirect-antiglobulin-test-iat-automatedserum | Status: 200 | Elapsed: 0.26s | Delay: 3s
2026-10-03 03:56:23,968 - INFO - Requested https://www.metropolisindia.com/parameter/chikungunya-rt-pcr | Status: 200 | Elapsed: 0.14s | Delay: 3s
2026-10-03 03:56:27,378 - INFO - Requested https://www.metropolisindia.com/parameter/ornithine-quantitative-serum | Status: 200 | Elapsed: 0.13s | Delay: 3s
2026-10-03 03:56:30,797 - INFO - Requested https://www.metropolisindia.com/parameter/free-androgen-index-fai-serum-test | Status: 200 | Elapsed: 0.12s | Delay: 3s
2026-10-03 03:56:34,282 - INFO - Requested https://www.metropolisindia.com/parameter/carbamazepine-tegretol-serum | Status: 200 | Elapsed: 0.13s | Delay: 3s
2026-10-03 03:56:37,702 - INFO - Requested https://www.metropolisindia.com/parameter/panfungal-dna-dna-detection-by-pcr-body-fluids | Status: 200 | Elapsed: 0.16s | Delay: 3s
2026-10-03 03:56:41,100 - INFO - Requested https://www.metropolisindia.com/parameter/ihc-single-marker-with-reporting-carletinin | Status: 200 | Elapsed: 0.13s | Delay: 3s
2026-10-03 03:56:44,431 - INFO - Requested https://www.metropolisindia.com/parameter/prothrombin-g20210a-factor-ii-mutation | Status: 200 | Elapsed: 0.13s | Delay: 3s
2026-10-03 03:56:44,432 - INFO - --- PROGRESS REPORT --- Reqs(200): 1251 | 404s: 74 | Packages: 60 | Profiles: 74 | Tests: 1251 | 429s: 0 | Retries: 0 | Errors: 0 | Delay: 3s | Remaining: 267
2026-10-03 03:56:47,916 - INFO - Requested https://www.metropolisindia.com/parameter/vitamin-k1 | Status: 200 | Elapsed: 0.13s | Delay: 3s
2026-10-03 03:56:51,390 - INFO - Requested https://www.metropolisindia.com/parameter/eosinophil-detectionurine | Status: 200 | Elapsed: 0.14s | Delay: 3s
2026-10-03 03:56:54,800 - INFO - Requested https://www.metropolisindia.com/parameter/afb-smear-examination-zn-stain-urine-single-sample | Status: 200 | Elapsed: 0.13s | Delay: 3s
2026-10-03 03:56:58,296 - INFO - Requested https://www.metropolisindia.com/parameter/pcp-phencyclidine-phosphate-urine-spot | Status: 200 | Elapsed: 0.14s | Delay: 3s
2026-10-03 03:57:01,712 - INFO - Requested https://www.metropolisindia.com/parameter/hlab27-test | Status: 200 | Elapsed: 0.14s | Delay: 3s
2026-10-03 03:57:05,183 - INFO - Requested https://www.metropolisindia.com/parameter/tungsten-spot-urine | Status: 200 | Elapsed: 0.14s | Delay: 3s
2026-10-03 03:57:08,617 - INFO - Requested https://www.metropolisindia.com/parameter/ldh-body-fluid | Status: 200 | Elapsed: 0.13s | Delay: 3s
2026-10-03 03:57:11,989 - INFO - Requested https://www.metropolisindia.com/parameter/potassium-body-fluid | Status: 200 | Elapsed: 0.13s | Delay: 3s
2026-10-03 03:57:15,368 - INFO - Requested https://www.metropolisindia.com/parameter/afb-antibiogram-for-mtb-complex-clofazimine | Status: 200 | Elapsed: 0.13s | Delay: 3s
2026-10-03 03:57:18,814 - INFO - Requested https://www.metropolisindia.com/parameter/cd34 | Status: 200 | Elapsed: 0.14s | Delay: 3s
2026-10-03 03:57:22,288 - INFO - Requested https://www.metropolisindia.com/parameter/5-hiaa-urine-24-hrs-by-hplc | Status: 200 | Elapsed: 0.13s | Delay: 3s
2026-10-03 03:57:25,697 - INFO - Requested https://www.metropolisindia.com/parameter/biotinidase-neonatal-dried-blood-spot | Status: 200 | Elapsed: 0.13s | Delay: 3s
2026-10-03 03:57:29,156 - INFO - Requested https://www.metropolisindia.com/parameter/thyroglobulincmiaserum | Status: 200 | Elapsed: 0.13s | Delay: 3s
2026-10-03 03:57:32,784 - INFO - Requested https://www.metropolisindia.com/parameter/adenovirus-dna-detection-by-pcr-oral-swab | Status: 200 | Elapsed: 0.26s | Delay: 3s
2026-10-03 03:57:36,248 - INFO - Requested https://www.metropolisindia.com/parameter/afb-smear-exam-by-fluorescent-stain-urine-1-sample | Status: 200 | Elapsed: 0.14s | Delay: 3s
2026-10-03 03:57:39,649 - INFO - Requested https://www.metropolisindia.com/parameter/citrulline-quantitative-urine | Status: 200 | Elapsed: 0.13s | Delay: 3s
2026-10-03 03:57:43,090 - INFO - Requested https://www.metropolisindia.com/parameter/ihc-single-marker-with-reporting-cd138 | Status: 200 | Elapsed: 0.13s | Delay: 3s
2026-10-03 03:57:46,500 - INFO - Requested https://www.metropolisindia.com/parameter/hla-typing-dq-locus-class-ii-luminex | Status: 200 | Elapsed: 0.13s | Delay: 3s
2026-10-03 03:57:49,852 - INFO - Requested https://www.metropolisindia.com/parameter/allergenindividual-animal-guinea-pig-epithelium-serum | Status: 200 | Elapsed: 0.12s | Delay: 3s
2026-10-03 03:57:53,233 - INFO - Requested https://www.metropolisindia.com/parameter/creatininebody-fluid | Status: 200 | Elapsed: 0.13s | Delay: 3s
2026-10-03 03:57:56,683 - INFO - Requested https://www.metropolisindia.com/parameter/allergy-adult-panel-3 | Status: 200 | Elapsed: 0.14s | Delay: 3s
2026-10-03 03:58:00,146 - INFO - Requested https://www.metropolisindia.com/parameter/chromogranin-a-plasma-test | Status: 200 | Elapsed: 0.14s | Delay: 3s
2026-10-03 03:58:03,516 - INFO - Requested https://www.metropolisindia.com/parameter/vitamin-b-complex-profile | Status: 200 | Elapsed: 0.15s | Delay: 3s
2026-10-03 03:58:06,872 - INFO - Requested https://www.metropolisindia.com/parameter/fungal-stain-culture-and-identification-hair | Status: 200 | Elapsed: 0.13s | Delay: 3s
2026-10-03 03:58:10,237 - INFO - Requested https://www.metropolisindia.com/parameter/allergy-panel-eczema-comprehensive-veg | Status: 200 | Elapsed: 0.13s | Delay: 3s
2026-10-03 03:58:10,238 - INFO - --- PROGRESS REPORT --- Reqs(200): 1276 | 404s: 74 | Packages: 60 | Profiles: 74 | Tests: 1276 | 429s: 0 | Retries: 0 | Errors: 0 | Delay: 3s | Remaining: 242
2026-10-03 03:58:13,593 - INFO - Requested https://www.metropolisindia.com/parameter/allergenindividual-foodapplesafarchand-malus-x-domestica | Status: 200 | Elapsed: 0.13s | Delay: 3s
2026-10-03 03:58:16,936 - INFO - Requested https://www.metropolisindia.com/parameter/hrr-gene-panel-testing | Status: 200 | Elapsed: 0.14s | Delay: 3s
2026-10-03 03:58:20,311 - INFO - Requested https://www.metropolisindia.com/parameter/chlamydia-trachomatis-dna-detection-by-pcr-eye-swab | Status: 200 | Elapsed: 0.15s | Delay: 3s
2026-10-03 03:58:23,882 - INFO - Requested https://www.metropolisindia.com/parameter/progesterone-test | Status: 200 | Elapsed: 0.13s | Delay: 3s
2026-10-03 03:58:27,253 - INFO - Requested https://www.metropolisindia.com/parameter/anti-hbsag-test-or-surface-antibody-test | Status: 404 | Elapsed: 0.08s | Delay: 3s
2026-10-03 03:58:27,253 - WARNING - HTTP 404 Not Found on https://www.metropolisindia.com/parameter/anti-hbsag-test-or-surface-antibody-test. Skipping permanently.
2026-10-03 03:58:30,385 - INFO - Requested https://www.metropolisindia.com/parameter/vitamin-b7-biotin | Status: 200 | Elapsed: 0.13s | Delay: 3s
2026-10-03 03:58:33,712 - INFO - Requested https://www.metropolisindia.com/parameter/vzv-varicella-zoster-virusigg-antibodyserum | Status: 200 | Elapsed: 0.14s | Delay: 3s
2026-10-03 03:58:37,041 - INFO - Requested https://www.metropolisindia.com/parameter/allergenindividual-food-basil-ocimum-basilicum | Status: 200 | Elapsed: 0.14s | Delay: 3s
2026-10-03 03:58:40,635 - INFO - Requested https://www.metropolisindia.com/parameter/afb-antibiogram-for-mtb-complex-moxifloxacin | Status: 200 | Elapsed: 0.13s | Delay: 3s
2026-10-03 03:58:44,045 - INFO - Requested https://www.metropolisindia.com/parameter/blood-group-abo-rh-typing | Status: 200 | Elapsed: 0.14s | Delay: 3s
2026-10-03 03:58:47,489 - INFO - Requested https://www.metropolisindia.com/parameter/adh-anti-diuretic-hormonevasopressinplasma | Status: 200 | Elapsed: 0.13s | Delay: 3s
2026-10-03 03:58:51,018 - INFO - Requested https://www.metropolisindia.com/parameter/allergy-spices-panel | Status: 200 | Elapsed: 0.13s | Delay: 3s
2026-10-03 03:58:54,364 - INFO - Requested https://www.metropolisindia.com/parameter/gliadin-iga-antibodiesde-amidated-dgpserum | Status: 200 | Elapsed: 0.13s | Delay: 3s
2026-10-03 03:58:57,721 - INFO - Requested https://www.metropolisindia.com/parameter/high-resolution-hla-typing-a-b-dr | Status: 200 | Elapsed: 0.14s | Delay: 3s
2026-10-03 03:59:01,150 - INFO - Requested https://www.metropolisindia.com/parameter/mantoux-test | Status: 200 | Elapsed: 0.13s | Delay: 3s
2026-10-03 03:59:04,574 - INFO - Requested https://www.metropolisindia.com/parameter/afb-rapid-culture-by-bactec-mgit-other | Status: 200 | Elapsed: 0.13s | Delay: 3s
2026-10-03 03:59:08,074 - INFO - Requested https://www.metropolisindia.com/parameter/cancer-marker-profile-gall-bladder | Status: 200 | Elapsed: 0.14s | Delay: 3s
2026-10-03 03:59:11,468 - INFO - Requested https://www.metropolisindia.com/parameter/hla-pra-identification-class-ii-panel-reactive-antibody-luminex | Status: 200 | Elapsed: 0.13s | Delay: 3s
2026-10-03 03:59:14,852 - INFO - Requested https://www.metropolisindia.com/parameter/e2-estradiol-serum | Status: 200 | Elapsed: 0.13s | Delay: 3s
2026-10-03 03:59:18,236 - INFO - Requested https://www.metropolisindia.com/parameter/nmo-with-mog-antibody-profile | Status: 200 | Elapsed: 0.13s | Delay: 3s
2026-10-03 03:59:21,616 - INFO - Requested https://www.metropolisindia.com/parameter/magnesium-spot-urine | Status: 200 | Elapsed: 0.13s | Delay: 3s
2026-10-03 03:59:25,106 - INFO - Requested https://www.metropolisindia.com/parameter/bcr-abl-is-international-scale-transcript-fusion-quantification-t1170 | Status: 200 | Elapsed: 0.13s | Delay: 3s
2026-10-03 03:59:28,441 - INFO - Requested https://www.metropolisindia.com/parameter/allergenindividual-foodalpha-lactalbuminmilkmilk-protein | Status: 200 | Elapsed: 0.13s | Delay: 3s
2026-10-03 03:59:31,824 - INFO - Requested https://www.metropolisindia.com/parameter/hepatitis-b-virus-hbv-hbeag-envelope-antigen | Status: 200 | Elapsed: 0.14s | Delay: 3s
2026-10-03 03:59:35,222 - INFO - Requested https://www.metropolisindia.com/parameter/allergenindividual-grass-pollenbermuda-grassdurva-cynodon-grass | Status: 200 | Elapsed: 0.13s | Delay: 3s
2026-10-03 03:59:35,223 - INFO - --- PROGRESS REPORT --- Reqs(200): 1300 | 404s: 75 | Packages: 60 | Profiles: 74 | Tests: 1301 | 429s: 0 | Retries: 0 | Errors: 0 | Delay: 3s | Remaining: 218
2026-10-03 03:59:38,723 - INFO - Requested https://www.metropolisindia.com/parameter/aryl-sulphatase-b-mps-vi-blood | Status: 200 | Elapsed: 0.14s | Delay: 3s
2026-10-03 03:59:42,173 - INFO - Requested https://www.metropolisindia.com/parameter/folic-acid-clia-serum | Status: 200 | Elapsed: 0.13s | Delay: 3s
2026-10-03 03:59:45,586 - INFO - Requested https://www.metropolisindia.com/parameter/zinc-icpms-serum | Status: 200 | Elapsed: 0.13s | Delay: 3s
2026-10-03 03:59:49,031 - INFO - Requested https://www.metropolisindia.com/parameter/afb-smear-examination-zn-stain-pus-abscess-and-aspirates | Status: 200 | Elapsed: 0.15s | Delay: 3s
2026-10-03 03:59:52,421 - INFO - Requested https://www.metropolisindia.com/parameter/troponin-tserum | Status: 200 | Elapsed: 0.13s | Delay: 3s
2026-10-03 03:59:55,959 - INFO - Requested https://www.metropolisindia.com/parameter/allergy-panel-child-panel | Status: 200 | Elapsed: 0.14s | Delay: 3s
2026-10-03 03:59:59,358 - INFO - Requested https://www.metropolisindia.com/parameter/iron-biochemical-serum | Status: 200 | Elapsed: 0.14s | Delay: 3s
2026-10-03 04:00:02,815 - INFO - Requested https://www.metropolisindia.com/parameter/allergenindividual-foodgarliclehsoon-allium-sativum | Status: 200 | Elapsed: 0.13s | Delay: 3s
2026-10-03 04:00:06,207 - INFO - Requested https://www.metropolisindia.com/parameter/calculus-stone-analysis-by-automated-ftir-kidney-renal-calculus | Status: 200 | Elapsed: 0.14s | Delay: 3s
2026-10-03 04:00:09,649 - INFO - Requested https://www.metropolisindia.com/parameter/paul-bunnel-test-infectious-mononucleosis-test-serum | Status: 200 | Elapsed: 0.13s | Delay: 3s
2026-10-03 04:00:13,046 - INFO - Requested https://www.metropolisindia.com/parameter/fungal-stain-tissue | Status: 200 | Elapsed: 0.17s | Delay: 3s
2026-10-03 04:00:16,437 - INFO - Requested https://www.metropolisindia.com/parameter/pseudo-cholinesterase-opc-poisoning-serum | Status: 200 | Elapsed: 0.13s | Delay: 3s
2026-10-03 04:00:19,868 - INFO - Requested https://www.metropolisindia.com/parameter/hbv-hepatitis-b-dna-detection-by-pcr-ascitic-fluid | Status: 200 | Elapsed: 0.14s | Delay: 3s
2026-10-03 04:00:23,264 - INFO - Requested https://www.metropolisindia.com/parameter/g6pd-test-glucose-6-phosphate-dehydrogenase-test | Status: 200 | Elapsed: 0.13s | Delay: 3s
2026-10-03 04:00:26,653 - INFO - Requested https://www.metropolisindia.com/parameter/nickel-urine-spot-by-icpms | Status: 200 | Elapsed: 0.13s | Delay: 3s
2026-10-03 04:00:30,094 - INFO - Requested https://www.metropolisindia.com/parameter/sodiumbody-fluid | Status: 200 | Elapsed: 0.13s | Delay: 3s
2026-10-03 04:00:33,521 - INFO - Requested https://www.metropolisindia.com/parameter/alk-gene-rearrangement | Status: 200 | Elapsed: 0.13s | Delay: 3s
2026-10-03 04:00:36,949 - INFO - Requested https://www.metropolisindia.com/parameter/ihc-single-marker-with-reporting-cea | Status: 200 | Elapsed: 0.13s | Delay: 3s
2026-10-03 04:00:40,401 - INFO - Requested https://www.metropolisindia.com/parameter/helicobacter-pyloriigg-antibodiesserum | Status: 200 | Elapsed: 0.14s | Delay: 3s
2026-10-03 04:00:43,841 - INFO - Requested https://www.metropolisindia.com/parameter/allergy-animal-panel | Status: 200 | Elapsed: 0.13s | Delay: 3s
2026-10-03 04:00:47,336 - INFO - Requested https://www.metropolisindia.com/parameter/ca-19-9-blood-test | Status: 200 | Elapsed: 0.13s | Delay: 3s
2026-10-03 04:00:50,767 - INFO - Requested https://www.metropolisindia.com/parameter/anaemia-workup-profile | Status: 200 | Elapsed: 0.14s | Delay: 3s
2026-10-03 04:00:54,472 - INFO - Requested https://www.metropolisindia.com/parameter/gliadin-igg-antibodiesde-amidated-dgpserum | Status: 200 | Elapsed: 0.37s | Delay: 3s
2026-10-03 04:00:57,944 - INFO - Requested https://www.metropolisindia.com/parameter/acylcarnitine-quantitative-neonatal | Status: 200 | Elapsed: 0.14s | Delay: 3s
2026-10-03 04:01:01,386 - INFO - Requested https://www.metropolisindia.com/parameter/treponema-pallidium-passive-particle-agglutination | Status: 200 | Elapsed: 0.14s | Delay: 3s
2026-10-03 04:01:01,387 - INFO - --- PROGRESS REPORT --- Reqs(200): 1325 | 404s: 75 | Packages: 60 | Profiles: 74 | Tests: 1326 | 429s: 0 | Retries: 0 | Errors: 0 | Delay: 3s | Remaining: 193
2026-10-03 04:01:04,859 - INFO - Requested https://www.metropolisindia.com/parameter/ihc-single-marker-with-reporting-beta-hcg | Status: 200 | Elapsed: 0.15s | Delay: 3s
2026-10-03 04:01:08,367 - INFO - Requested https://www.metropolisindia.com/parameter/vitamin-b12-active-holo-transcobalamin-serum | Status: 200 | Elapsed: 0.12s | Delay: 3s
2026-10-03 04:01:11,792 - INFO - Requested https://www.metropolisindia.com/parameter/amylaseenzymaticascitic-fluid | Status: 200 | Elapsed: 0.13s | Delay: 3s
2026-10-03 04:01:15,242 - INFO - Requested https://www.metropolisindia.com/parameter/cyfra-ca-21-1serum | Status: 200 | Elapsed: 0.13s | Delay: 3s
2026-10-03 04:01:18,699 - INFO - Requested https://www.metropolisindia.com/parameter/ihc-single-marker-with-reporting-cd5 | Status: 200 | Elapsed: 0.13s | Delay: 3s
2026-10-03 04:01:22,224 - INFO - Requested https://www.metropolisindia.com/parameter/glucose-post-glucose-50-gms | Status: 200 | Elapsed: 0.15s | Delay: 3s
2026-10-03 04:01:25,777 - INFO - Requested https://www.metropolisindia.com/parameter/cardiac-injury-profile-maxi | Status: 200 | Elapsed: 0.13s | Delay: 3s
2026-10-03 04:01:29,223 - INFO - Requested https://www.metropolisindia.com/parameter/malaria-by-real-time-pcr-blood | Status: 200 | Elapsed: 0.13s | Delay: 3s
2026-10-03 04:01:32,549 - INFO - Requested https://www.metropolisindia.com/parameter/lh-luteinizing-hormone-clia-serum | Status: 200 | Elapsed: 0.17s | Delay: 3s
2026-10-03 04:01:35,879 - INFO - Requested https://www.metropolisindia.com/parameter/high-resolution-hla-typing-dqb1 | Status: 200 | Elapsed: 0.13s | Delay: 3s
2026-10-03 04:01:39,359 - INFO - Requested https://www.metropolisindia.com/parameter/allergenindividual-foodshrimp-prawns | Status: 200 | Elapsed: 0.13s | Delay: 3s
2026-10-03 04:01:42,766 - INFO - Requested https://www.metropolisindia.com/parameter/anaemia-profile-nutritional | Status: 200 | Elapsed: 0.13s | Delay: 3s
2026-10-03 04:01:46,198 - INFO - Requested https://www.metropolisindia.com/parameter/by-lbc | Status: 200 | Elapsed: 0.14s | Delay: 3s
2026-10-03 04:01:49,724 - INFO - Requested https://www.metropolisindia.com/parameter/enteroviruses-rna-detectioncsf | Status: 200 | Elapsed: 0.20s | Delay: 3s
2026-10-03 04:01:53,080 - INFO - Requested https://www.metropolisindia.com/parameter/ebvvca-igg-antibody-to-viral-capsid-ag-by-if | Status: 200 | Elapsed: 0.13s | Delay: 3s
2026-10-03 04:01:56,638 - INFO - Requested https://www.metropolisindia.com/parameter/3-methyl-histidine-quantitative-urine | Status: 200 | Elapsed: 0.14s | Delay: 3s
2026-10-03 04:02:00,194 - INFO - Requested https://www.metropolisindia.com/parameter/neoxpert-iap-newborn-screening-3-analytes | Status: 200 | Elapsed: 0.15s | Delay: 3s
2026-10-03 04:02:03,606 - INFO - Requested https://www.metropolisindia.com/parameter/allergenindividual-foodbeta-lactoglobulin-milkmilk-protein | Status: 200 | Elapsed: 0.12s | Delay: 3s
2026-10-03 04:02:06,991 - INFO - Requested https://www.metropolisindia.com/parameter/fungal-stain-culture-and-identification-body-fluid | Status: 200 | Elapsed: 0.13s | Delay: 3s
2026-10-03 04:02:10,453 - INFO - Requested https://www.metropolisindia.com/parameter/alcohol-ethanol-urine | Status: 200 | Elapsed: 0.13s | Delay: 3s
2026-10-03 04:02:13,894 - INFO - Requested https://www.metropolisindia.com/parameter/pre-eclampsia-screening | Status: 200 | Elapsed: 0.14s | Delay: 3s
2026-10-03 04:02:17,341 - INFO - Requested https://www.metropolisindia.com/parameter/allergenindividual-dustdermatophagoides-pteronyssinushouse-dust-mite | Status: 200 | Elapsed: 0.13s | Delay: 3s
2026-10-03 04:02:20,782 - INFO - Requested https://www.metropolisindia.com/parameter/hpv-test-self-sampling-kit-for-cervical-cancer-screening | Status: 200 | Elapsed: 0.13s | Delay: 3s
2026-10-03 04:02:24,187 - INFO - Requested https://www.metropolisindia.com/parameter/aspergillosis-igmigm-antibodiesserum | Status: 200 | Elapsed: 0.12s | Delay: 3s
2026-10-03 04:02:27,710 - INFO - Requested https://www.metropolisindia.com/parameter/afb-smear-examination-fluorescent-stain-body-fluid-mi-ba-fm | Status: 200 | Elapsed: 0.14s | Delay: 3s
2026-10-03 04:02:27,710 - INFO - --- PROGRESS REPORT --- Reqs(200): 1350 | 404s: 75 | Packages: 60 | Profiles: 74 | Tests: 1351 | 429s: 0 | Retries: 0 | Errors: 0 | Delay: 3s | Remaining: 168
2026-10-03 04:02:31,109 - INFO - Requested https://www.metropolisindia.com/parameter/eosinophil-detection-sputum | Status: 200 | Elapsed: 0.13s | Delay: 3s
2026-10-03 04:02:34,538 - INFO - Requested https://www.metropolisindia.com/parameter/allergenindividual-foodsalmonrawas-fish-salmo-salar | Status: 200 | Elapsed: 0.13s | Delay: 3s
2026-10-03 04:02:37,942 - INFO - Requested https://www.metropolisindia.com/parameter/vitamin-d-125-dihydroxyriaserum | Status: 200 | Elapsed: 0.14s | Delay: 3s
2026-10-03 04:02:41,450 - INFO - Requested https://www.metropolisindia.com/parameter/fructosebiochemicalsemen | Status: 200 | Elapsed: 0.13s | Delay: 3s
2026-10-03 04:02:44,793 - INFO - Requested https://www.metropolisindia.com/parameter/anaemia-profile-pernicious | Status: 200 | Elapsed: 0.13s | Delay: 3s
2026-10-03 04:02:48,091 - INFO - Requested https://www.metropolisindia.com/parameter/apolipoproteins-bserum | Status: 200 | Elapsed: 0.13s | Delay: 3s
2026-10-03 04:02:51,586 - INFO - Requested https://www.metropolisindia.com/parameter/allergenindividual-micro-organismcandida-albicansfungus | Status: 200 | Elapsed: 0.13s | Delay: 3s
2026-10-03 04:02:54,991 - INFO - Requested https://www.metropolisindia.com/parameter/insulin-fasting-cmia-serum | Status: 200 | Elapsed: 0.13s | Delay: 3s
2026-10-03 04:02:58,397 - INFO - Requested https://www.metropolisindia.com/parameter/allergy-weeds-pollen-panel | Status: 200 | Elapsed: 0.13s | Delay: 3s
2026-10-03 04:03:01,820 - INFO - Requested https://www.metropolisindia.com/parameter/neoxpert-8-newborn-screening-8-analytes | Status: 200 | Elapsed: 0.13s | Delay: 3s
2026-10-03 04:03:05,214 - INFO - Requested https://www.metropolisindia.com/parameter/afb-antibiogram-for-mtb-complex-rifabutin | Status: 200 | Elapsed: 0.13s | Delay: 3s
2026-10-03 04:03:08,677 - INFO - Requested https://www.metropolisindia.com/parameter/sm-antibodysmith-antibodyserum | Status: 200 | Elapsed: 0.13s | Delay: 3s
2026-10-03 04:03:12,137 - INFO - Requested https://www.metropolisindia.com/parameter/alpha-1-acid-glycoproteinbiochemicalserum | Status: 200 | Elapsed: 0.13s | Delay: 3s
2026-10-03 04:03:15,534 - INFO - Requested https://www.metropolisindia.com/parameter/beta-galactocerebrosidase-krabbe-blood | Status: 200 | Elapsed: 0.13s | Delay: 3s
2026-10-03 04:03:18,959 - INFO - Requested https://www.metropolisindia.com/parameter/oncomine-focus-panel | Status: 200 | Elapsed: 0.13s | Delay: 3s
2026-10-03 04:03:22,373 - INFO - Requested https://www.metropolisindia.com/parameter/chlorides | Status: 200 | Elapsed: 0.15s | Delay: 3s
2026-10-03 04:03:25,879 - INFO - Requested https://www.metropolisindia.com/parameter/anti-neutrophil-cytoplasmic-antibody-anca | Status: 200 | Elapsed: 0.16s | Delay: 3s
2026-10-03 04:03:29,380 - INFO - Requested https://www.metropolisindia.com/parameter/second-opinion | Status: 200 | Elapsed: 0.12s | Delay: 3s
2026-10-03 04:03:32,742 - INFO - Requested https://www.metropolisindia.com/parameter/asca-iggsaccharomyces-cerevisiaeserum | Status: 200 | Elapsed: 0.12s | Delay: 3s
2026-10-03 04:03:36,064 - INFO - Requested https://www.metropolisindia.com/parameter/copper-urine-by-atomic-absorption | Status: 200 | Elapsed: 0.13s | Delay: 3s
2026-10-03 04:03:39,500 - INFO - Requested https://www.metropolisindia.com/parameter/allergy-git-panel-veg-non-veg | Status: 200 | Elapsed: 0.13s | Delay: 3s
2026-10-03 04:03:42,926 - INFO - Requested https://www.metropolisindia.com/parameter/afb-antibiogram-for-mtb-complex-pas | Status: 200 | Elapsed: 0.13s | Delay: 3s
2026-10-03 04:03:46,318 - INFO - Requested https://www.metropolisindia.com/parameter/tpmt-enzyme-activitythiopurine-methyl-transferaseplasma | Status: 200 | Elapsed: 0.13s | Delay: 3s
2026-10-03 04:03:49,795 - INFO - Requested https://www.metropolisindia.com/parameter/cd-8 | Status: 200 | Elapsed: 0.13s | Delay: 3s
2026-10-03 04:03:53,162 - INFO - Requested https://www.metropolisindia.com/parameter/cd-3cd-4cd-8 | Status: 200 | Elapsed: 0.12s | Delay: 3s
2026-10-03 04:03:53,162 - INFO - --- PROGRESS REPORT --- Reqs(200): 1375 | 404s: 75 | Packages: 60 | Profiles: 74 | Tests: 1376 | 429s: 0 | Retries: 0 | Errors: 0 | Delay: 3s | Remaining: 143
2026-10-03 04:03:56,603 - INFO - Requested https://www.metropolisindia.com/parameter/head-and-neck-cancer-hnscc-profile | Status: 200 | Elapsed: 0.14s | Delay: 3s
2026-10-03 04:04:00,066 - INFO - Requested https://www.metropolisindia.com/parameter/afp-alpha-feto-proteincliaserum | Status: 200 | Elapsed: 0.15s | Delay: 3s
2026-10-03 04:04:03,530 - INFO - Requested https://www.metropolisindia.com/parameter/allergenindividual-foodcardamonelettaria-cardamomum | Status: 200 | Elapsed: 0.13s | Delay: 3s
2026-10-03 04:04:06,942 - INFO - Requested https://www.metropolisindia.com/parameter/afb-rapid-culture-by-bactec-mgit-urine | Status: 200 | Elapsed: 0.13s | Delay: 3s
2026-10-03 04:04:10,327 - INFO - Requested https://www.metropolisindia.com/parameter/karyotyping-by-g-banding-for-neonates | Status: 200 | Elapsed: 0.14s | Delay: 3s
2026-10-03 04:04:13,851 - INFO - Requested https://www.metropolisindia.com/parameter/lamotrigine-level-plasma | Status: 200 | Elapsed: 0.13s | Delay: 3s
2026-10-03 04:04:17,338 - INFO - Requested https://www.metropolisindia.com/parameter/tumor-marker-panel-170-genes-comprehensive-ffpe-tissue-block | Status: 200 | Elapsed: 0.19s | Delay: 3s
2026-10-03 04:04:20,917 - INFO - Requested https://www.metropolisindia.com/parameter/alkaline-phosphatase-with-bone-fractionostaseserum | Status: 200 | Elapsed: 0.26s | Delay: 3s
2026-10-03 04:04:24,417 - INFO - Requested https://www.metropolisindia.com/parameter/myositis-profile-igg16-antigen | Status: 200 | Elapsed: 0.22s | Delay: 3s
2026-10-03 04:04:27,886 - INFO - Requested https://www.metropolisindia.com/parameter/adrenaline-epinephrine-plasma | Status: 200 | Elapsed: 0.13s | Delay: 3s
2026-10-03 04:04:31,360 - INFO - Requested https://www.metropolisindia.com/parameter/allergenindividual-grass-pollen-cultivated-ryegrass-secale-cereale | Status: 200 | Elapsed: 0.13s | Delay: 3s
2026-10-03 04:04:34,733 - INFO - Requested https://www.metropolisindia.com/parameter/afb-antibiogram-for-mtb-complex-rifampicin | Status: 200 | Elapsed: 0.13s | Delay: 3s
2026-10-03 04:04:38,152 - INFO - Requested https://www.metropolisindia.com/parameter/hiv-1-viral-load-by-taqman-plasma | Status: 200 | Elapsed: 0.14s | Delay: 3s
2026-10-03 04:04:41,658 - INFO - Requested https://www.metropolisindia.com/parameter/maternal-screen-triple-marker-test-second-trimester | Status: 200 | Elapsed: 0.14s | Delay: 3s
2026-10-03 04:04:45,185 - INFO - Requested https://www.metropolisindia.com/parameter/jc-bk-dna-detection-urine | Status: 200 | Elapsed: 0.14s | Delay: 3s
2026-10-03 04:04:48,563 - INFO - Requested https://www.metropolisindia.com/parameter/lead-blood-by-icpms | Status: 200 | Elapsed: 0.13s | Delay: 3s
2026-10-03 04:04:52,054 - INFO - Requested https://www.metropolisindia.com/parameter/cardiolipin-antibodyacl-igm-antibodyserum | Status: 200 | Elapsed: 0.13s | Delay: 3s
2026-10-03 04:04:55,491 - INFO - Requested https://www.metropolisindia.com/parameter/alpha-mannosidase-blood | Status: 200 | Elapsed: 0.13s | Delay: 3s
2026-10-03 04:04:59,002 - INFO - Requested https://www.metropolisindia.com/parameter/copper-serum-by-icpms | Status: 200 | Elapsed: 0.12s | Delay: 3s
2026-10-03 04:05:02,441 - INFO - Requested https://www.metropolisindia.com/parameter/rna-polymerase-iii-antibodies-igg | Status: 200 | Elapsed: 0.13s | Delay: 3s
2026-10-03 04:05:05,849 - INFO - Requested https://www.metropolisindia.com/parameter/bcr-abl-philadelphia-t9-22-by-fish | Status: 200 | Elapsed: 0.13s | Delay: 3s
2026-10-03 04:05:09,304 - INFO - Requested https://www.metropolisindia.com/parameter/leukemia-panel-comprehensive-by-ngs-57-genes-blood | Status: 200 | Elapsed: 0.13s | Delay: 3s
2026-10-03 04:05:12,887 - INFO - Requested https://www.metropolisindia.com/parameter/uric-acidspot-urine | Status: 200 | Elapsed: 0.13s | Delay: 3s
2026-10-03 04:05:16,310 - INFO - Requested https://www.metropolisindia.com/parameter/hemophagocytic-lymphohistiocytosis-t-cell-activation-hlh-panel | Status: 200 | Elapsed: 0.13s | Delay: 3s
2026-10-03 04:05:19,708 - INFO - Requested https://www.metropolisindia.com/parameter/culture-sensitivity-aerobic-bacteria-stool | Status: 200 | Elapsed: 0.14s | Delay: 3s
2026-10-03 04:05:19,708 - INFO - --- PROGRESS REPORT --- Reqs(200): 1400 | 404s: 75 | Packages: 60 | Profiles: 74 | Tests: 1401 | 429s: 0 | Retries: 0 | Errors: 0 | Delay: 3s | Remaining: 118
2026-10-03 04:05:23,092 - INFO - Requested https://www.metropolisindia.com/parameter/vitamin-b6-pyridoxine-edta-whole-blood | Status: 200 | Elapsed: 0.12s | Delay: 3s
2026-10-03 04:05:26,472 - INFO - Requested https://www.metropolisindia.com/parameter/hiv-1-viral-load-by-taqman-csf-quantitative | Status: 200 | Elapsed: 0.13s | Delay: 3s
2026-10-03 04:05:29,951 - INFO - Requested https://www.metropolisindia.com/parameter/g6pdneonatal-screendried-blood-spot | Status: 200 | Elapsed: 0.12s | Delay: 3s
2026-10-03 04:05:33,244 - INFO - Requested https://www.metropolisindia.com/parameter/fungal-stain-culture-and-identification-sputum | Status: 200 | Elapsed: 0.13s | Delay: 3s
2026-10-03 04:05:36,697 - INFO - Requested https://www.metropolisindia.com/parameter/phospholipid-profile-igg | Status: 200 | Elapsed: 0.14s | Delay: 3s
2026-10-03 04:05:40,152 - INFO - Requested https://www.metropolisindia.com/parameter/ihc-single-marker-with-reporting-cd31 | Status: 200 | Elapsed: 0.13s | Delay: 3s
2026-10-03 04:05:43,564 - INFO - Requested https://www.metropolisindia.com/parameter/ihc-single-marker-with-reporting-alpha-feto-protein | Status: 200 | Elapsed: 0.13s | Delay: 3s
2026-10-03 04:05:46,933 - INFO - Requested https://www.metropolisindia.com/parameter/hcg-as-tumour-marker-serum-method-eclia | Status: 200 | Elapsed: 0.12s | Delay: 3s
2026-10-03 04:05:50,350 - INFO - Requested https://www.metropolisindia.com/parameter/rsv-respiratory-syncytial-virusigm-antibodyserum | Status: 200 | Elapsed: 0.15s | Delay: 3s
2026-10-03 04:05:53,766 - INFO - Requested https://www.metropolisindia.com/parameter/infectious-mononucleosis-panel | Status: 200 | Elapsed: 0.13s | Delay: 3s
2026-10-03 04:05:57,171 - INFO - Requested https://www.metropolisindia.com/parameter/glucose-180-min | Status: 200 | Elapsed: 0.13s | Delay: 3s
2026-10-03 04:06:00,742 - INFO - Requested https://www.metropolisindia.com/parameter/hepatitis-c-virushcvhcv-igm-antibodyserum | Status: 200 | Elapsed: 0.13s | Delay: 3s
2026-10-03 04:06:04,188 - INFO - Requested https://www.metropolisindia.com/parameter/ck-mb-mass-serum-test | Status: 200 | Elapsed: 0.14s | Delay: 3s
2026-10-03 04:06:07,637 - INFO - Requested https://www.metropolisindia.com/parameter/bk-polyoma-virus-dna-detection-by-pcr-urine | Status: 200 | Elapsed: 0.13s | Delay: 3s
2026-10-03 04:06:11,043 - INFO - Requested https://www.metropolisindia.com/parameter/uric-acid-urine-24h | Status: 200 | Elapsed: 0.13s | Delay: 3s
2026-10-03 04:06:14,576 - INFO - Requested https://www.metropolisindia.com/parameter/adaadenosine-deaminaseserum | Status: 200 | Elapsed: 0.13s | Delay: 3s
2026-10-03 04:06:18,005 - INFO - Requested https://www.metropolisindia.com/parameter/cd64-blood-by-flow-cytometry | Status: 200 | Elapsed: 0.13s | Delay: 3s
2026-10-03 04:06:21,431 - INFO - Requested https://www.metropolisindia.com/parameter/gram-stain-for-neisseria-sp-urethral-discharge | Status: 200 | Elapsed: 0.13s | Delay: 3s
2026-10-03 04:06:24,975 - INFO - Requested https://www.metropolisindia.com/parameter/thrombophilia-profile-maxi | Status: 200 | Elapsed: 0.15s | Delay: 3s
2026-10-03 04:06:28,379 - INFO - Requested https://www.metropolisindia.com/parameter/methylmalonic-acids-quantitative-serum | Status: 200 | Elapsed: 0.14s | Delay: 3s
2026-10-03 04:06:31,833 - INFO - Requested https://www.metropolisindia.com/parameter/lupus-anticoagulants-lac-test | Status: 200 | Elapsed: 0.14s | Delay: 3s
2026-10-03 04:06:35,224 - INFO - Requested https://www.metropolisindia.com/parameter/allergy-drug-panel-comprehensive-35-drug | Status: 200 | Elapsed: 0.13s | Delay: 3s
2026-10-03 04:06:38,636 - INFO - Requested https://www.metropolisindia.com/parameter/cll-prognosticationrisk-stratification-gene-panel | Status: 200 | Elapsed: 0.13s | Delay: 3s
2026-10-03 04:06:42,222 - INFO - Requested https://www.metropolisindia.com/parameter/allergy-panel-eczema-basic | Status: 200 | Elapsed: 0.29s | Delay: 3s
2026-10-03 04:06:45,732 - INFO - Requested https://www.metropolisindia.com/parameter/gastrincliaserum | Status: 200 | Elapsed: 0.13s | Delay: 3s
2026-10-03 04:06:45,733 - INFO - --- PROGRESS REPORT --- Reqs(200): 1425 | 404s: 75 | Packages: 60 | Profiles: 74 | Tests: 1426 | 429s: 0 | Retries: 0 | Errors: 0 | Delay: 3s | Remaining: 93
2026-10-03 04:06:49,115 - INFO - Requested https://www.metropolisindia.com/parameter/cell-free-dna-for-egfr-del19-l858r-t790m-blood | Status: 200 | Elapsed: 0.13s | Delay: 3s
2026-10-03 04:06:52,485 - INFO - Requested https://www.metropolisindia.com/parameter/afb-dna-detection-by-real-time-pcr-csf | Status: 200 | Elapsed: 0.13s | Delay: 3s
2026-10-03 04:06:55,958 - INFO - Requested https://www.metropolisindia.com/parameter/aspergillus-galactomanan-bal-fluid | Status: 200 | Elapsed: 0.13s | Delay: 3s
2026-10-03 04:06:59,435 - INFO - Requested https://www.metropolisindia.com/parameter/parvovirus-b19-dna-detection-by-pcr-blood | Status: 200 | Elapsed: 0.13s | Delay: 3s
2026-10-03 04:07:02,833 - INFO - Requested https://www.metropolisindia.com/parameter/nextgen-hereditary-cancer-gene-panel | Status: 200 | Elapsed: 0.12s | Delay: 3s
2026-10-03 04:07:06,217 - INFO - Requested https://www.metropolisindia.com/parameter/cea-carcino-embryonic-antigen-test | Status: 200 | Elapsed: 0.13s | Delay: 3s
2026-10-03 04:07:09,665 - INFO - Requested https://www.metropolisindia.com/parameter/glutamine-quantitative-plasma | Status: 200 | Elapsed: 0.13s | Delay: 3s
2026-10-03 04:07:13,148 - INFO - Requested https://www.metropolisindia.com/parameter/ihc-single-marker-with-reporting-desmin | Status: 200 | Elapsed: 0.13s | Delay: 3s
2026-10-03 04:07:16,602 - INFO - Requested https://www.metropolisindia.com/parameter/allergenindividual-foodwalnutjuglans-californica | Status: 200 | Elapsed: 0.12s | Delay: 3s
2026-10-03 04:07:19,987 - INFO - Requested https://www.metropolisindia.com/parameter/c-peptide-random | Status: 200 | Elapsed: 0.12s | Delay: 3s
2026-10-03 04:07:23,508 - INFO - Requested https://www.metropolisindia.com/parameter/allergenindividual-drugciprofloxacinantibiotic | Status: 200 | Elapsed: 0.12s | Delay: 3s
2026-10-03 04:07:26,935 - INFO - Requested https://www.metropolisindia.com/parameter/prolactin-tripooled-sample | Status: 200 | Elapsed: 0.14s | Delay: 3s
2026-10-03 04:07:30,364 - INFO - Requested https://www.metropolisindia.com/parameter/allergenindividual-foodmangomangifera-indica | Status: 200 | Elapsed: 0.12s | Delay: 3s
2026-10-03 04:07:33,794 - INFO - Requested https://www.metropolisindia.com/parameter/drain-fluid-by-conventional-method | Status: 200 | Elapsed: 0.13s | Delay: 3s
2026-10-03 04:07:37,220 - INFO - Requested https://www.metropolisindia.com/parameter/hgv-rna-hepatitis-g-rna-detection | Status: 200 | Elapsed: 0.13s | Delay: 3s
2026-10-03 04:07:40,644 - INFO - Requested https://www.metropolisindia.com/parameter/jak-2-mutation-test | Status: 200 | Elapsed: 0.14s | Delay: 3s
2026-10-03 04:07:44,036 - INFO - Requested https://www.metropolisindia.com/parameter/afb-smear-examination-zn-stain-body-fluids | Status: 200 | Elapsed: 0.14s | Delay: 3s
2026-10-03 04:07:47,379 - INFO - FULL CRAWL COMPLETE!
